date,open,high,low,close,Volume ETH
01/06/2021 00:00,2706.15,2730,2690,2729.03,6645.49237
31/05/2021 00:00,2385.82,2720,2271.44,2706.15,1307958.041
30/05/2021 00:00,2278.74,2476.42,2180.53,2385.98,1151113.199
29/05/2021 00:00,2412.34,2574.27,2204.1,2278.74,1379427.189
28/05/2021 00:00,2742.23,2762.45,2327.38,2412.1,1554584.614
27/05/2021 00:00,2884.82,2889.74,2633.68,2742.23,1099029.912
26/05/2021 00:00,2705.1,2910,2643,2884.94,1583799.593
25/05/2021 00:00,2647.92,2750,2378.54,2705.11,2115349.504
24/05/2021 00:00,2096.63,2675,2079.94,2648.43,2186632.922
23/05/2021 00:00,2295.45,2381.57,1728.74,2096.39,2914548.731
22/05/2021 00:00,2430.98,2485,2145,2294.87,1684318.012
21/05/2021 00:00,2767.87,2938.54,2101,2430.98,2727031.935
20/05/2021 00:00,2438.92,2990.05,2155,2768.62,2942777.93
19/05/2021 00:00,3375.08,3441.73,1888,2438.92,4309836.319
18/05/2021 00:00,3282.25,3565.71,3240,3375.07,1287110.841
17/05/2021 00:00,3581.81,3587.06,3102,3282.51,1904012.44
16/05/2021 00:00,3646.24,3879,3343.06,3582.1,1324065.659
15/05/2021 00:00,4075.02,4134.05,3632,3646.68,1039174.881
14/05/2021 00:00,3717.92,4173.28,3691.35,4075.01,1153390.426
13/05/2021 00:00,3810.15,4034.77,3500,3717.91,2068708.174
12/05/2021 00:00,4173.46,4372.72,3701.58,3823.21,1601842.74
11/05/2021 00:00,3946.63,4180.22,3771.64,4173.45,1095927.104
10/05/2021 00:00,3923.95,4208,3650,3945.88,1505897.926
09/05/2021 00:00,3910.26,3983.65,3726.08,3923.95,1000401.008
08/05/2021 00:00,3479.79,3958.33,3449.27,3910.26,1130467.549
07/05/2021 00:00,3489.74,3587,3353.23,3479.53,760544.6478
06/05/2021 00:00,3524.33,3605.4,3376.47,3489.73,920592.5771
05/05/2021 00:00,3239.01,3549.34,3200.23,3524.26,1174816.736
04/05/2021 00:00,3431.04,3527,3160,3239.01,1826039.386
03/05/2021 00:00,2949.33,3454,2949.32,3431.04,1329088.063
02/05/2021 00:00,2944.83,2985,2852.26,2949.56,571982.5445
01/05/2021 00:00,2772.42,2954.28,2743.41,2944.77,690260.0774
30/04/2021 00:00,2757.04,2798.3,2723.09,2772.42,695339.2048
29/04/2021 00:00,2748.23,2798,2668,2757.04,863890.0107
28/04/2021 00:00,2666.13,2760,2559.44,2748.24,999383.1852
27/04/2021 00:00,2532.06,2680,2480.29,2666.13,771728.4645
26/04/2021 00:00,2320.44,2542.8,2303.64,2532.6,1076469.014
25/04/2021 00:00,2214.08,2356.64,2168,2320.49,857517.3822
24/04/2021 00:00,2367.39,2368.74,2154.8,2213.35,997688.9462
23/04/2021 00:00,2397.94,2442.89,2107,2367.39,2532242.442
22/04/2021 00:00,2357.06,2644.47,2303.44,2397.94,2220753.097
21/04/2021 00:00,2330.26,2469.54,2235.16,2357.06,1177885.862
20/04/2021 00:00,2161.12,2346.62,2055,2330.03,992240.809
19/04/2021 00:00,2235.65,2300,2080,2161.12,820592.2656
18/04/2021 00:00,2317.65,2340,1946.8,2235.64,1475383.692
17/04/2021 00:00,2422.38,2495,2310,2317.6,624232.2557
16/04/2021 00:00,2514.04,2548.29,2300,2422.67,999163.7521
15/04/2021 00:00,2432.59,2543.47,2400,2514.04,681950.9665
14/04/2021 00:00,2299.19,2447.29,2281.33,2432.6,972931.6087
13/04/2021 00:00,2137.86,2318,2135.53,2299.19,782608.6209
12/04/2021 00:00,2151.42,2203.46,2102,2137.69,579093.3569
11/04/2021 00:00,2133.49,2165.02,2113.4,2151.36,392265.5077
10/04/2021 00:00,2067.19,2200,2058,2133.49,655458.2089
09/04/2021 00:00,2080.39,2100,2047.57,2066.87,426387.4379
08/04/2021 00:00,1963.46,2084.61,1947.35,2080.46,501355.998
07/04/2021 00:00,2112.22,2129.01,1930.01,1963.47,892984.9042
06/04/2021 00:00,2107.43,2151,2044.65,2112.21,673386.0558
05/04/2021 00:00,2075.7,2130.64,2002.15,2107.38,684923.6149
04/04/2021 00:00,2008.59,2091.83,1975.24,2075.69,514345.7655
03/04/2021 00:00,2133.69,2138.12,1996.3,2008.52,770176.3219
02/04/2021 00:00,1968.05,2146,1948.48,2133.69,846197.9322
01/04/2021 00:00,1919.37,1984.77,1885.02,1968.05,741585.0727
31/03/2021 00:00,1840.41,1947.29,1768.15,1919.37,746995.8591
30/03/2021 00:00,1816.76,1859.13,1786.3,1840.46,568842.0053
29/03/2021 00:00,1687.16,1841,1677.85,1816.74,647724.4639
28/03/2021 00:00,1712.52,1725.66,1661.4,1687.01,348895.5131
27/03/2021 00:00,1698.84,1732.67,1666.41,1712.63,443845.4996
26/03/2021 00:00,1585.83,1699.93,1585.79,1698.84,515470.9291
25/03/2021 00:00,1581.88,1622,1549.4,1585.74,701697.0026
24/03/2021 00:00,1668.2,1740.86,1536.92,1581.84,753834.5239
23/03/2021 00:00,1681.17,1721.17,1650,1668.08,577213.9959
22/03/2021 00:00,1783.23,1807.51,1655.15,1680.97,582727.4908
21/03/2021 00:00,1806.57,1817.16,1747,1782.98,465953.9875
20/03/2021 00:00,1809.01,1868.83,1800.86,1806.1,451556.1064
19/03/2021 00:00,1775.92,1840.61,1733.47,1809.1,500258.4288
18/03/2021 00:00,1823.58,1850,1759.04,1776.08,603721.6106
17/03/2021 00:00,1805.01,1838.88,1741.18,1823.58,658349.4484
16/03/2021 00:00,1793.99,1819.5,1711.68,1805.12,764993.4015
15/03/2021 00:00,1848.1,1891.76,1730,1793.48,1025326.797
14/03/2021 00:00,1922.35,1933.1,1836,1848.1,637963.6363
13/03/2021 00:00,1766.13,1944.3,1727.75,1922.35,926283.2264
12/03/2021 00:00,1825.78,1841.88,1719.72,1766.1,869564.6361
11/03/2021 00:00,1795.28,1846.7,1725,1825.78,909011.4961
10/03/2021 00:00,1870.5,1877.69,1757,1795.12,937230.6283
09/03/2021 00:00,1833.22,1870.77,1798.2,1870.51,857229.4786
08/03/2021 00:00,1726.46,1843.59,1664.96,1833.18,1149711.4
07/03/2021 00:00,1650.68,1734.16,1630.35,1726.16,848470.7814
06/03/2021 00:00,1528.08,1671.58,1513.03,1650.35,1013300.939
05/03/2021 00:00,1539.22,1548.96,1441.66,1528.31,910786.2898
04/03/2021 00:00,1567.68,1624.87,1506.36,1539.23,946365.6709
03/03/2021 00:00,1486.79,1656.94,1475.47,1567.69,1054846.315
02/03/2021 00:00,1570,1602.9,1455.52,1486.78,1061142.387
01/03/2021 00:00,1418.67,1572,1409.91,1569.86,1094695.178
28/02/2021 00:00,1458.27,1468.75,1293.18,1419.18,1410207.563
27/02/2021 00:00,1444.56,1529,1425,1458.13,927423.0475
26/02/2021 00:00,1482.08,1562.25,1400,1444.59,1355973.294
25/02/2021 00:00,1623.16,1671.59,1459.16,1481.75,1032670.794
24/02/2021 00:00,1577.79,1712.7,1500.2,1623.39,1384388.817
23/02/2021 00:00,1777.42,1782.39,1355,1577.89,2547837.821
22/02/2021 00:00,1933.54,1936.29,1551,1777.58,1807244.981
21/02/2021 00:00,1912.9,1976.31,1883.01,1933.53,756568.1974
20/02/2021 00:00,1955.46,2042.34,1803.14,1913,1261315.813
19/02/2021 00:00,1938.91,1972.82,1891,1955,793404.4115
18/02/2021 00:00,1849.7,1950.5,1849.69,1939.61,937227.1019
17/02/2021 00:00,1781.99,1855,1733.01,1849.88,795711.6331
16/02/2021 00:00,1779.33,1827.28,1724,1781.99,817493.4751
15/02/2021 00:00,1800.03,1835.72,1655.67,1779.25,1053474.579
14/02/2021 00:00,1815.25,1850,1784.11,1800.42,675261.7787
13/02/2021 00:00,1840.24,1871.72,1765,1814.96,767589.0729
12/02/2021 00:00,1785.83,1864.88,1739.88,1840.26,909600.2065
11/02/2021 00:00,1740.76,1819,1703.44,1785.62,735079.827
10/02/2021 00:00,1769.14,1837.86,1680,1740.78,1219932.255
09/02/2021 00:00,1749.68,1821.88,1708.49,1769.13,1185071.896
08/02/2021 00:00,1611.46,1775.57,1563.89,1750.15,1339777.095
07/02/2021 00:00,1676.35,1693,1490.46,1611.62,1281734.868
06/02/2021 00:00,1718.95,1743.67,1642.94,1676.35,1149808.331
05/02/2021 00:00,1595.53,1760.49,1591,1719.19,1194123.299
04/02/2021 00:00,1664.67,1695.2,1554.44,1595.67,1646502.33
03/02/2021 00:00,1511.93,1669.35,1508.39,1664.49,1535869.888
02/02/2021 00:00,1374.09,1547.9,1360.28,1511.87,1944227.999
01/02/2021 00:00,1312.45,1377.99,1269.99,1374.17,1096397.919
31/01/2021 00:00,1378.04,1380.74,1281.12,1312.55,958704.8557
30/01/2021 00:00,1379.56,1406,1326.41,1378.05,1040042.236
29/01/2021 00:00,1329.44,1436.9,1285.35,1379.5,2253963.187
28/01/2021 00:00,1238.93,1360,1217.23,1329.69,1365269.72
27/01/2021 00:00,1366.54,1373.9,1207,1239.03,2009772.084
26/01/2021 00:00,1317.6,1378.49,1244.56,1365.97,1682923.658
25/01/2021 00:00,1392.19,1475,1293.69,1317.88,1885441.313
24/01/2021 00:00,1233.46,1398.83,1220,1392.51,1510879.538
23/01/2021 00:00,1232.61,1272.44,1195.9,1233.6,1009545.083
22/01/2021 00:00,1111.98,1273.79,1042.31,1232.62,2020593.217
21/01/2021 00:00,1376.72,1390,1086,1110.96,2254164.804
20/01/2021 00:00,1365.36,1407.93,1235.42,1376.99,2219137.621
19/01/2021 00:00,1258.52,1438.3,1251.49,1365.36,2278852.558
18/01/2021 00:00,1232.5,1260.75,1182.58,1258.45,998050.1107
17/01/2021 00:00,1227.83,1269.02,1165,1232.45,1317285.006
16/01/2021 00:00,1168.48,1298,1151.77,1227.83,1575384.438
15/01/2021 00:00,1231.89,1256.98,1069.42,1168.53,1944038.837
14/01/2021 00:00,1129.79,1247.55,1086.7,1231.62,1555737.386
13/01/2021 00:00,1050.36,1137.65,987.48,1129.89,1564202.391
12/01/2021 00:00,1087,1150.02,1006.33,1050.16,2302645.341
11/01/2021 00:00,1254.24,1260,915,1087.01,4068784.657
10/01/2021 00:00,1276,1348.33,1170,1254.25,1951179.35
09/01/2021 00:00,1216.72,1304.37,1171.36,1276,1448871.115
08/01/2021 00:00,1224.86,1273.75,1065,1216.93,2131172.923
07/01/2021 00:00,1208.75,1289,1131,1224.87,1972922.821
06/01/2021 00:00,1100.16,1213,1057.26,1208.42,2390136.593
05/01/2021 00:00,1041.45,1134.6,974.45,1099.56,2706995.675
04/01/2021 00:00,978.33,1162.97,890,1041.43,4245010.94
03/01/2021 00:00,774.44,1011.07,768.71,978.28,2813603.886
02/01/2021 00:00,728.91,787.69,714.91,774.56,1352618.577
01/01/2021 00:00,736.42,749,714.29,728.91,675114.0933
31/12/2020 00:00,752.17,755.74,722,736.42,863375.5798
30/12/2020 00:00,732,758.74,716.62,752.17,1008574.099
29/12/2020 00:00,730.4,740.78,689.2,732,1106876.359
28/12/2020 00:00,685.1,748.09,681.04,730.41,1627154.393
27/12/2020 00:00,637.44,717.13,625,685.11,1859968.15
26/12/2020 00:00,626.78,652.91,615.26,637.44,958585.5065
25/12/2020 00:00,612.31,634.24,604.28,626.82,798009.6292
24/12/2020 00:00,585.48,615.02,565.43,612.31,886335.8633
23/12/2020 00:00,636.41,638.44,551.28,585.56,1208807.365
22/12/2020 00:00,607.68,637.73,588,636.45,918851.2565
21/12/2020 00:00,638.1,648,595.9,607.58,843251.1657
20/12/2020 00:00,658.05,661.39,621.01,638.18,823958.2284
19/12/2020 00:00,653.76,669.95,645.42,658.03,858803.8846
18/12/2020 00:00,642.71,664.61,629.4,653.85,1000012.98
17/12/2020 00:00,637.18,676.25,625.76,642.7,2006130.02
16/12/2020 00:00,588.78,640,580.71,637.18,1185588.051
15/12/2020 00:00,586.29,597.2,578.58,588.64,569270.5201
14/12/2020 00:00,590.81,591.48,575.6,586.29,493012.0271
13/12/2020 00:00,568.09,595,563.22,590.7,657794.4616
12/12/2020 00:00,544.46,574,543.1,568.04,573913.9531
11/12/2020 00:00,558.99,560.8,535.5,544.43,768921.7832
10/12/2020 00:00,573.2,575.7,548.11,558.99,608414.5147
09/12/2020 00:00,554.92,578.08,530.43,573.09,997192.1674
08/12/2020 00:00,591.27,595,549.22,554.94,804443.0072
07/12/2020 00:00,601.59,603.15,584.22,591.28,498329.3759
06/12/2020 00:00,596.82,607.5,583,601.54,602496.9634
05/12/2020 00:00,567.24,597.11,560.88,596.8,701567.9556
04/12/2020 00:00,615.84,620,565.82,567.24,1052452.787
03/12/2020 00:00,596.88,623.44,585.82,615.85,935687.9172
02/12/2020 00:00,585.26,604.93,575,596.89,1069538.656
01/12/2020 00:00,616.65,635.7,560,585.26,2163875.814
30/11/2020 00:00,576.32,616.85,570.07,616.66,1501989.454
29/11/2020 00:00,537.5,576.9,530.32,576.3,855276.4666
28/11/2020 00:00,518.59,547.94,506.59,537.52,900508.6143
27/11/2020 00:00,519.83,530.62,493.72,518.68,1088064.281
26/11/2020 00:00,569.38,577.14,481,519.83,2683460.742
25/11/2020 00:00,604.98,606,553.83,569.5,1219440.027
24/11/2020 00:00,608.58,623,585,604.97,1606450.492
23/11/2020 00:00,560.03,610.85,550.12,608.58,2076008.848
22/11/2020 00:00,552.42,580.88,511.28,560.03,1850317.936
21/11/2020 00:00,510.12,553.32,502.82,552.35,1548851.291
20/11/2020 00:00,471.26,514.4,470.65,510.12,1516361.907
19/11/2020 00:00,478.43,480.75,464.86,471.25,817418.5269
18/11/2020 00:00,482.11,495.31,456.6,478.41,1477696.291
17/11/2020 00:00,460.51,484.88,459.8,482.15,1151573.375
16/11/2020 00:00,448.07,466,445.45,460.55,812060.4464
15/11/2020 00:00,460.9,462.89,440.19,448.08,665217.5667
14/11/2020 00:00,476.42,477.47,452,460.89,735252.7854
13/11/2020 00:00,462.48,478.01,457.12,476.43,976665.0975
12/11/2020 00:00,463.09,470,451.2,462.39,990776.6291
11/11/2020 00:00,450.34,476.25,449.28,463.09,1205782.843
10/11/2020 00:00,444.32,455,438.7,450.34,866872.4111
09/11/2020 00:00,454.29,459.1,433.09,444.32,1099213.246
08/11/2020 00:00,435.2,460.1,431.99,454.3,840908.4684
07/11/2020 00:00,455.91,468.28,424.14,435.21,1653416.596
06/11/2020 00:00,416.73,458.27,414.76,455.91,1682440.96
05/11/2020 00:00,402.5,420.4,396.14,416.69,1475139.773
04/11/2020 00:00,387.88,408.39,376.47,402.49,1157064.351
03/11/2020 00:00,383.01,390,370.23,387.88,752954.3711
02/11/2020 00:00,396.68,404.5,377.92,383.02,779968.5796
01/11/2020 00:00,386.44,398.29,384.61,396.67,438952.9557
31/10/2020 00:00,382.59,394.88,379.9,386.46,467453.8105
30/10/2020 00:00,387.12,391.97,373.29,382.49,771750.7475
29/10/2020 00:00,388.22,393.72,380.52,387.13,573096.0142
28/10/2020 00:00,403.41,409.2,380.52,388.23,855275.4688
27/10/2020 00:00,392.52,410.25,389.9,403.45,754244.3755
26/10/2020 00:00,405.85,411.11,382.3,392.52,895142.6727
25/10/2020 00:00,412.14,417.4,402.5,405.86,415586.9761
24/10/2020 00:00,409.19,416.66,407,412.14,419236.8711
23/10/2020 00:00,413.94,419.33,401.3,409.11,727832.3224
22/10/2020 00:00,390.31,420.73,390.21,413.98,1095897.207
21/10/2020 00:00,368.53,401.49,367.74,390.38,1221663.638
20/10/2020 00:00,379.3,380.73,365.27,368.52,617309.8168
19/10/2020 00:00,378.12,384.32,372.5,379.3,577252.9027
18/10/2020 00:00,368.31,378.64,367.1,378.11,323468.471
17/10/2020 00:00,365.5,370.46,363.36,368.32,285578.2454
16/10/2020 00:00,377.63,379.83,361.18,365.5,654029.364
15/10/2020 00:00,378.69,381.79,369.85,377.64,634038.0945
14/10/2020 00:00,381.05,387.41,373.13,378.69,569557.8294
13/10/2020 00:00,386.51,387.75,374.51,381.04,645141.9139
12/10/2020 00:00,374.17,394.8,365.58,386.51,844422.6544
11/10/2020 00:00,370.51,377.6,368.87,374.16,373318.2378
10/10/2020 00:00,365.01,378.4,364.71,370.52,591005.3213
09/10/2020 00:00,350.94,368.33,347.32,365.02,650478.1934
08/10/2020 00:00,341.58,353.32,334.21,350.95,631794.8756
07/10/2020 00:00,340.8,342.85,332.18,341.58,541928.8638
06/10/2020 00:00,353.63,355.1,336.8,340.75,640063.2695
05/10/2020 00:00,352.34,356.1,348.54,353.62,376740.3069
04/10/2020 00:00,345.94,354.45,343.81,352.37,343932.9171
03/10/2020 00:00,345.6,351,343.7,345.95,303595.719
02/10/2020 00:00,352.83,354.55,334.24,345.6,733571.8421
01/10/2020 00:00,359.83,370.45,345.51,352.85,758349.3196
30/09/2020 00:00,359.78,361.5,351.56,359.83,498943.2323
29/09/2020 00:00,353.91,360.63,350.45,359.79,585143.1689
28/09/2020 00:00,357.58,368.2,351.7,353.96,757758.4304
27/09/2020 00:00,353.95,362.14,347.24,357.49,569568.5504
26/09/2020 00:00,351.93,356.4,345.88,353.92,530879.2076
25/09/2020 00:00,348.97,358,337.58,351.92,860643.7792
24/09/2020 00:00,320.72,353.1,316.67,348.97,1071705.097
23/09/2020 00:00,344.18,344.65,313.29,320.72,940904.4976
22/09/2020 00:00,340.31,346.91,335.34,344.21,842731.1288
21/09/2020 00:00,371.04,376.8,331,340.36,1283946.031
20/09/2020 00:00,385.25,385.45,365,371.04,693164.4014
19/09/2020 00:00,384.4,388.72,377,385.25,570908.3355
18/09/2020 00:00,389.35,392.58,375.33,384.39,804194.4722
17/09/2020 00:00,365.04,394.14,363.3,389.36,1256300.411
16/09/2020 00:00,364.05,373.45,355,365.11,841709.9894
15/09/2020 00:00,377.12,382.47,362.34,364.06,883856.3301
14/09/2020 00:00,366.43,384.64,355.73,377.12,1042059.623
13/09/2020 00:00,387.78,390.43,350,366.42,989195.6905
12/09/2020 00:00,373.62,388.57,364.73,387.78,766542.3164
11/09/2020 00:00,367.93,375.27,355.49,373.63,844017.5997
10/09/2020 00:00,350.85,377.25,349.91,367.93,1134287.611
09/09/2020 00:00,337.41,359,330.51,350.85,879760.5626
08/09/2020 00:00,353.59,356.58,325.38,337.39,1400246.83
07/09/2020 00:00,352.85,358.51,323,353.59,1740618.425
06/09/2020 00:00,335.04,360,316.1,352.8,2017811.147
05/09/2020 00:00,385.3,395,308.42,335.01,2777166.514
04/09/2020 00:00,381.35,400.21,357,385.26,1806488.225
03/09/2020 00:00,439.5,450.7,372,381.4,2408569.342
02/09/2020 00:00,475.4,481.39,420,439.5,1880642.469
01/09/2020 00:00,433.8,488.84,429.03,475.4,1751354.577
31/08/2020 00:00,428.94,439,418.04,433.79,1040748.689
30/08/2020 00:00,398.65,429.89,398.3,428.94,894979.7179
29/08/2020 00:00,395.1,405.69,391.88,398.65,659802.6334
28/08/2020 00:00,383.31,398,379.75,395.11,732601.4691
27/08/2020 00:00,385.81,397.1,371.48,383.27,877763.7366
26/08/2020 00:00,382.91,392.91,377.37,385.81,738690.7794
25/08/2020 00:00,407.68,409.06,370,382.93,970445.384
24/08/2020 00:00,390.72,410.42,387.44,407.68,717403.8188
23/08/2020 00:00,395.23,396.95,383.15,390.71,445317.8199
22/08/2020 00:00,387.93,397.04,379.92,395.24,643235.7654
21/08/2020 00:00,415.94,418.68,385.1,387.97,860998.7256
20/08/2020 00:00,407.46,418.98,402.07,415.94,663555.7345
19/08/2020 00:00,421.92,426.75,393.25,407.46,978339.6922
18/08/2020 00:00,430.89,433.81,415,421.95,743254.5702
17/08/2020 00:00,433.61,446,420.37,430.89,868870.65
16/08/2020 00:00,432.3,436.99,412.47,433.62,716666.2526
15/08/2020 00:00,438.12,442.94,427.02,432.32,681698.5971
14/08/2020 00:00,424.54,444.71,417.05,438.11,1109670.943
13/08/2020 00:00,387.18,431.49,376.59,424.54,1511330.773
12/08/2020 00:00,378.99,389.23,365.85,387.18,751848.7983
11/08/2020 00:00,395.43,398.21,367,379,992412.6023
10/08/2020 00:00,390.14,399.18,385.13,395.44,826969.9063
09/08/2020 00:00,397.05,400,383.36,390.14,594900.5813
08/08/2020 00:00,379.34,397.05,375.79,397.03,623029.7805
07/08/2020 00:00,394.77,398.26,362.85,379.34,1041207.359
06/08/2020 00:00,400.72,403.66,390.51,394.77,821379.084
05/08/2020 00:00,389.59,407,384.11,400.72,1124119.067
04/08/2020 00:00,385.91,402.98,380.77,389.61,1180792.424
03/08/2020 00:00,372.45,398,366.5,385.94,1191565.094
02/08/2020 00:00,387.01,415.85,325,372.42,2324909.096
01/08/2020 00:00,346.32,392.67,343.07,387,1440843.342
31/07/2020 00:00,334.82,349.45,328.4,346.33,948088.4498
30/07/2020 00:00,317.76,342,314.05,334.87,1008827.567
29/07/2020 00:00,316.77,325,312.38,317.71,792802.3215
28/07/2020 00:00,321.95,326.8,305.86,316.77,1093231.556
27/07/2020 00:00,311.02,333.31,310.78,321.93,1636122.347
26/07/2020 00:00,305.31,318.75,299,311,1270368.753
25/07/2020 00:00,279.15,308.94,279.09,305.26,1058927.306
24/07/2020 00:00,275.31,287.34,266,279.15,926033.0669
23/07/2020 00:00,263.75,279.98,259.7,275.3,1068774.579
22/07/2020 00:00,245.53,269.61,241.51,263.74,718417.683
21/07/2020 00:00,236,246.66,235.57,245.59,637462.0807
20/07/2020 00:00,239.12,239.72,234.05,236.01,396657.9194
19/07/2020 00:00,235.67,239.92,233.28,239.11,348803.5207
18/07/2020 00:00,232.66,236.8,232.32,235.67,341356.6182
17/07/2020 00:00,233.58,234.84,231.65,232.67,325600.2144
16/07/2020 00:00,238.59,239.39,230.02,233.57,587161.7389
15/07/2020 00:00,240.45,241.45,236.83,238.61,368350.6652
14/07/2020 00:00,239.5,242.09,237,240.44,426320.8919
13/07/2020 00:00,242.76,245.33,237.33,239.5,604093.0425
12/07/2020 00:00,239.19,244,236.52,242.79,469315.1172
11/07/2020 00:00,241.27,241.67,237.54,239.19,294476.0063
10/07/2020 00:00,241.97,242.16,235.72,241.26,455025.1239
09/07/2020 00:00,246.94,247.9,237.88,241.98,647641.5829
08/07/2020 00:00,239.39,248.88,237.78,246.95,958185.8371
07/07/2020 00:00,241.6,243.77,234.4,239.39,600424.9721
06/07/2020 00:00,227.54,242,226.93,241.6,864817.507
05/07/2020 00:00,229.24,229.85,223.05,227.56,355747.1201
04/07/2020 00:00,224.86,230.71,224.43,229.17,307726.4659
03/07/2020 00:00,226.46,228.13,223.97,224.87,314578.5004
02/07/2020 00:00,230.99,232.01,222.87,226.46,592485.9112
01/07/2020 00:00,225.59,232.71,224.16,230.99,517351.5887
30/06/2020 00:00,227.98,228.7,222.91,225.6,415036.0298
29/06/2020 00:00,224.89,229.96,221.26,227.93,597915.5224
28/06/2020 00:00,220.94,227.96,218.32,224.93,444766.5688
27/06/2020 00:00,229.66,231.42,216,220.94,645950.6144
26/06/2020 00:00,232.49,233.61,227.75,229.64,628340.0701
25/06/2020 00:00,234.57,235.39,227.56,232.5,613748.5935
24/06/2020 00:00,243.15,249.24,231.07,234.58,921634.0534
23/06/2020 00:00,243.11,244.87,240.75,243.14,442296.3148
22/06/2020 00:00,228.03,246.89,227.51,243.13,749030.1111
21/06/2020 00:00,228.88,231.49,227.11,228.04,256305.2373
20/06/2020 00:00,229,230.85,225.62,228.89,303704.9883
19/06/2020 00:00,231.26,231.95,226.74,229,397284.5981
18/06/2020 00:00,233.82,234.65,227.93,231.27,334347.7992
17/06/2020 00:00,235.31,237.3,227.65,233.82,478187.2917
16/06/2020 00:00,230.86,236,228.7,235.3,499194.6676
15/06/2020 00:00,231.74,233.55,218.27,230.86,875026.9206
14/06/2020 00:00,238.13,238.59,229.83,231.77,304943.2119
13/06/2020 00:00,237.55,238.73,234.66,238.11,253797.7809
12/06/2020 00:00,230.46,239.38,228.19,237.55,446515.3412
11/06/2020 00:00,247.78,250.09,226.2,230.51,816456.8916
10/06/2020 00:00,243.79,250.28,242,247.78,431285.6172
09/06/2020 00:00,246.37,249.82,238,243.8,420327.1713
08/06/2020 00:00,244.57,247.7,240.59,246.4,383116.5472
07/06/2020 00:00,241.94,245.37,234.6,244.56,571102.5552
06/06/2020 00:00,240.04,244.7,237.83,241.94,389423.078
05/06/2020 00:00,243.22,247.87,239.14,240.03,502547.411
04/06/2020 00:00,244.54,246.6,236,243.21,669369.3392
03/06/2020 00:00,237.71,245,232.71,244.52,502928.1337
02/06/2020 00:00,248.23,253.8,225,237.71,955520.9186
01/06/2020 00:00,231.56,250.68,230.66,248.23,823816.6994
31/05/2020 00:00,243.71,245.39,229.58,231.57,821608.6888
30/05/2020 00:00,220.63,247,218.8,243.66,1019550.751
29/05/2020 00:00,220.24,224.79,217.57,220.67,603058.0759
28/05/2020 00:00,208.29,220.5,204.67,220.21,643945.9777
27/05/2020 00:00,200.92,208.44,200.76,208.29,494816.7273
26/05/2020 00:00,204.22,205,196.9,200.89,477176.7353
25/05/2020 00:00,199.9,205.67,198.01,204.15,469931.6249
24/05/2020 00:00,206.6,210.55,199.5,199.9,673535.0578
23/05/2020 00:00,207.36,211.2,204.55,206.6,478559.9201
22/05/2020 00:00,198.72,209.19,196.24,207.36,787672.3608
21/05/2020 00:00,209.99,211.64,191.71,198.74,1003923.434
20/05/2020 00:00,214.6,215.75,204.27,209.98,679532.6104
19/05/2020 00:00,214.92,215.95,209.45,214.58,643702.9885
18/05/2020 00:00,207.02,217.07,207,214.91,1064139.249
17/05/2020 00:00,200.44,209.85,199.68,207,708711.8932
16/05/2020 00:00,194.87,203.5,193.21,200.45,669900.0375
15/05/2020 00:00,203.29,204.08,191.66,194.86,904749.6357
14/05/2020 00:00,199.61,206.02,195.67,203.29,1114700.249
13/05/2020 00:00,189.77,201,188.35,199.58,806143.007
12/05/2020 00:00,185.8,192.24,185.48,189.76,669755.7957
11/05/2020 00:00,187.62,193.5,176,185.73,1093299.819
10/05/2020 00:00,210.09,210.18,179.59,187.54,1473226.055
09/05/2020 00:00,211.32,214.6,208.4,210.07,587871.9807
08/05/2020 00:00,212.01,216.61,206.9,211.31,917908.1944
07/05/2020 00:00,198.92,215.1,196.43,212,1305778.738
06/05/2020 00:00,205.3,210.77,197.71,198.97,862700.6785
05/05/2020 00:00,206.47,211.68,201,205.29,640644.6627
04/05/2020 00:00,209.86,210.65,194.88,206.48,1114249.327
03/05/2020 00:00,213.89,219.3,203.92,209.86,748383.9131
02/05/2020 00:00,212.01,215.37,210.36,213.9,443494.6725
01/05/2020 00:00,206.07,217.14,205.91,212.02,794913.9583
30/04/2020 00:00,215.4,227.3,202,206.08,1749691.002
29/04/2020 00:00,196.24,218.77,196.22,215.36,1620422.724
28/04/2020 00:00,196.33,198.5,192.36,196.24,636829.894
27/04/2020 00:00,197.39,199.05,189.29,196.34,896627.3727
26/04/2020 00:00,194.21,200,192.3,197.38,758525.8153
25/04/2020 00:00,187.6,198.36,185.76,194.21,866478.0493
24/04/2020 00:00,185.57,189.8,184.72,187.59,780904.2126
23/04/2020 00:00,182.7,193.63,178.16,185.51,1457867.087
22/04/2020 00:00,170.73,184,169.78,182.7,988698.3908
21/04/2020 00:00,170.21,174.7,168,170.74,906381.654
20/04/2020 00:00,180.02,186.46,166.7,170.2,1547821.527
19/04/2020 00:00,187.4,188.35,175.75,180.03,995759.5775
18/04/2020 00:00,170.61,189.54,170.48,187.4,1127296.37
17/04/2020 00:00,172.31,174.96,168.31,170.69,723537.7559
16/04/2020 00:00,152.74,174.79,148.33,172.29,1647207.6
15/04/2020 00:00,158.46,161.29,152,152.73,729119.6651
14/04/2020 00:00,156.28,161.85,155.23,158.45,698030.6509
13/04/2020 00:00,158.56,158.97,150,156.29,1042091.036
12/04/2020 00:00,158.33,164.78,155,158.59,809100.2459
11/04/2020 00:00,157.81,161.37,153.91,158.33,621599.6129
10/04/2020 00:00,169.56,170.1,152.11,157.81,1314841.362
09/04/2020 00:00,173.15,173.38,165.19,169.52,719837.2442
08/04/2020 00:00,164.62,174.48,163.59,173.11,1023575.921
07/04/2020 00:00,171.32,176.22,162.22,164.63,1717962.825
06/04/2020 00:00,142.69,172,142.6,171.32,1636338.731
05/04/2020 00:00,144.1,145.58,140.68,142.68,414987.4525
04/04/2020 00:00,141.3,146.28,138.88,144.1,573508.1409
03/04/2020 00:00,141.27,146.72,137.26,141.31,797546.1145
02/04/2020 00:00,135.65,149.76,135.01,141.28,1138977.661
01/04/2020 00:00,132.72,136.99,128.62,135.69,680922.2475
31/03/2020 00:00,132.09,135,130.38,132.72,547669.2779
30/03/2020 00:00,124.47,135.42,124.06,132.06,764831.9275
29/03/2020 00:00,130.94,131.84,123.81,124.5,543997
28/03/2020 00:00,131.33,132.97,124.88,130.98,896032.1059
27/03/2020 00:00,138.4,141.27,129.68,131.33,706948.5456
26/03/2020 00:00,136.11,139.74,133.26,138.4,751060.631
25/03/2020 00:00,138.42,142.33,132.54,136.1,1034248.744
24/03/2020 00:00,135.89,143.36,132.2,138.42,1244377.163
23/03/2020 00:00,122.31,137.5,119.5,135.92,1436796.124
22/03/2020 00:00,132.63,137.13,121.1,122.32,1055699.865
21/03/2020 00:00,133.49,137.49,125.69,132.66,1231842.111
20/03/2020 00:00,136.3,152.55,116.74,133.48,2504057.638
19/03/2020 00:00,118.11,143.13,115.46,136.3,1801071.188
18/03/2020 00:00,115.67,118.5,109.86,118.11,1201850.313
17/03/2020 00:00,111.02,120.8,109.38,115.67,1295108.485
16/03/2020 00:00,123.82,124.33,101.1,111.02,2442064.144
15/03/2020 00:00,122.54,133.5,120.16,123.78,1312950.901
14/03/2020 00:00,134.06,134.68,120,122.54,1237674.886
13/03/2020 00:00,107.67,139.68,86,134.06,4663239.929
12/03/2020 00:00,194.61,195.55,101.2,107.82,3814533.14
11/03/2020 00:00,200.74,203.18,181.73,194.61,1079824.902
10/03/2020 00:00,202.79,206.2,195.54,200.7,1020260.107
09/03/2020 00:00,199.43,208.62,190,202.81,1661331.836
08/03/2020 00:00,237.23,237.23,195.5,199.43,1278973.537
07/03/2020 00:00,244.93,251.93,236,237.23,633748.8966
06/03/2020 00:00,228.38,245.16,227.33,244.88,628147.3257
05/03/2020 00:00,224.26,234.09,224.23,228.38,601479.8759
04/03/2020 00:00,223.84,228.85,220.23,224.26,443780.3377
03/03/2020 00:00,232.1,232.46,219.57,223.91,741498.5483
02/03/2020 00:00,217.81,234.4,216.07,231.97,810051.4833
01/03/2020 00:00,217.29,227.89,212.36,217.81,715016.0194
29/02/2020 00:00,226.76,233,217,217.21,546866.6851
28/02/2020 00:00,227.73,234.67,214.01,226.76,1054994.924
27/02/2020 00:00,223.98,238.3,210,227.79,1273793.117
26/02/2020 00:00,246.67,250.32,215.66,223.93,1395879.415
25/02/2020 00:00,265.47,266.22,244.44,246.67,774791.0103
24/02/2020 00:00,274.5,277.2,257.09,265.52,696591.7298
23/02/2020 00:00,261.55,275.68,261.02,274.48,444740.8288
22/02/2020 00:00,265.32,266.81,256,261.57,313062.5213
21/02/2020 00:00,256.97,268.24,253.61,265.27,525827.8734
20/02/2020 00:00,258.44,264.33,245.34,256.96,972969.7169
19/02/2020 00:00,282.64,285,251.56,258.45,705973.7299
18/02/2020 00:00,267.9,285.88,258,282.61,1115523.44
17/02/2020 00:00,258.89,268.77,242,267.85,1110371.391
16/02/2020 00:00,264.91,274,237.41,258.85,1110118.464
15/02/2020 00:00,285.11,288.41,261.86,264.88,860813.1427
14/02/2020 00:00,268.34,287.15,260.28,285.15,734944.3227
13/02/2020 00:00,265.74,277.69,256.08,268.32,1089679.154
12/02/2020 00:00,236.69,275.34,236.69,265.74,1038073.748
11/02/2020 00:00,222.89,239.15,218.17,236.69,595576.9028
10/02/2020 00:00,228.53,229.4,216.37,222.89,510415.4995
09/02/2020 00:00,223.01,230.65,222.86,228.49,350336.244
08/02/2020 00:00,223.36,227.75,213.22,223.05,548551.8747
07/02/2020 00:00,213.16,225,213.14,223.33,629361.1547
06/02/2020 00:00,203.78,216.33,201.02,213.19,608240.2233
05/02/2020 00:00,188.91,207.61,188.19,203.78,550942.1142
04/02/2020 00:00,189.74,191.6,184.69,188.91,366389.6969
03/02/2020 00:00,188.48,195.19,186.62,189.69,417175.9578
02/02/2020 00:00,183.63,193.43,179.1,188.44,552621.1362
01/02/2020 00:00,179.94,184.28,179.23,183.6,259370.129
31/01/2020 00:00,184.71,185.82,175.22,179.99,385596.5337
30/01/2020 00:00,173.68,187,170.93,184.69,477721.6609
29/01/2020 00:00,175.58,178.45,173.33,173.72,317382.9016
28/01/2020 00:00,170.04,176.2,170.03,175.64,473433.8961
27/01/2020 00:00,167.91,172.56,165.22,170.08,365894.8192
26/01/2020 00:00,160.36,168.08,159.41,167.86,251582.5576
25/01/2020 00:00,162.51,162.79,157.61,160.35,219921.652
24/01/2020 00:00,162.85,164.45,155.55,162.54,430013.199
23/01/2020 00:00,168.07,168.2,159.21,162.81,373414.3499
22/01/2020 00:00,169.48,171.47,166.03,168.07,272240.9029
21/01/2020 00:00,166.86,170.32,164.8,169.49,308007.6353
20/01/2020 00:00,166.79,169.33,161.24,166.87,358092.8841
19/01/2020 00:00,174.1,178.05,161.66,166.79,624681.286
18/01/2020 00:00,169.92,179.5,164.92,174.14,688783.1798
17/01/2020 00:00,164.24,174.81,162.14,169.85,767180.6785
16/01/2020 00:00,166.4,167.4,157.8,164.21,456170.8672
15/01/2020 00:00,165.6,171.98,159.2,166.4,721687.8038
14/01/2020 00:00,143.58,171.7,143.51,165.64,1108476.312
13/01/2020 00:00,146.56,147,142.27,143.58,207996.6187
12/01/2020 00:00,142.4,146.6,141.76,146.54,229541.8614
11/01/2020 00:00,144.83,148.05,142.09,142.38,368350.5794
10/01/2020 00:00,137.73,145.17,135.32,144.84,409403.5951
09/01/2020 00:00,140.76,141.5,135.3,137.74,366076.0657
08/01/2020 00:00,142.8,147.77,137.03,140.72,570465.5776
07/01/2020 00:00,144.14,145.31,138.76,142.8,447762.1728
06/01/2020 00:00,135.37,144.41,134.86,144.15,408020.2738
05/01/2020 00:00,134.2,138.19,134.19,135.37,254120.4534
04/01/2020 00:00,134.37,135.85,132.5,134.2,184276.171
03/01/2020 00:00,127.19,135.14,125.88,134.35,413055.189
02/01/2020 00:00,130.72,130.78,126.38,127.19,213757.0581
01/01/2020 00:00,129.16,133.05,128.68,130.77,144770.522
31/12/2019 00:00,131.61,133.68,128.17,129.16,264933.9842
30/12/2019 00:00,134.36,136.24,130.3,131.59,320347.2196
29/12/2019 00:00,128.11,138.07,127.52,134.36,316347.2667
28/12/2019 00:00,126.28,129.68,125.84,128.11,196893.5228
27/12/2019 00:00,125.58,127.1,121.91,126.29,240012.3745
26/12/2019 00:00,125.09,132.26,124.32,125.58,274986.521
25/12/2019 00:00,127.7,127.84,123.07,125.09,225004.4909
24/12/2019 00:00,127.8,129.69,126.61,127.75,200637.101
23/12/2019 00:00,132.12,135.1,126,127.8,421600.7566
22/12/2019 00:00,127,133.07,126.82,132.09,253140.7241
21/12/2019 00:00,128.19,128.4,126.5,126.99,135196.1164
20/12/2019 00:00,128.1,129.39,125.84,128.19,213897.4673
19/12/2019 00:00,132.8,134,125.69,128.1,420674.8172
18/12/2019 00:00,121.88,134.87,116.26,132.78,884960.9133
17/12/2019 00:00,132.72,132.98,119.11,121.88,563257.36
16/12/2019 00:00,142.46,142.72,127.93,132.73,471018.8594
15/12/2019 00:00,141.79,144.12,139.92,142.46,151189.6588
14/12/2019 00:00,144.8,145.07,141.18,141.79,126232.592
13/12/2019 00:00,144.87,146,142.8,144.8,160695.1856
12/12/2019 00:00,143.41,145.85,139.24,144.87,261615.3044
11/12/2019 00:00,145.53,146.34,142.12,143.39,157843.1048
10/12/2019 00:00,147.4,148.57,143.81,145.56,203215.8494
09/12/2019 00:00,150.44,151.19,146.56,147.38,243775.9925
08/12/2019 00:00,147.16,151.62,146.11,150.44,205301.6026
07/12/2019 00:00,148.46,149.49,146.85,147.14,140471.6859
06/12/2019 00:00,148.11,149.77,145.74,148.45,220674.6858
05/12/2019 00:00,145.45,149.02,143.64,148.1,299073.5397
04/12/2019 00:00,147.19,151.98,143.15,145.38,434430.6238
03/12/2019 00:00,148.66,149.93,145.77,147.17,196329.225
02/12/2019 00:00,150.72,151.42,146.71,148.65,233839.0973
01/12/2019 00:00,151.43,152.49,145.79,150.73,344178.1409
30/11/2019 00:00,154.54,155.25,149.7,151.37,226863.413
29/11/2019 00:00,150.69,157.6,150.23,154.57,328712.2556
28/11/2019 00:00,152.61,154.63,149.09,150.72,317714.5633
27/11/2019 00:00,147.47,155.54,140.84,152.62,564796.4284
26/11/2019 00:00,145.81,149.97,143.37,147.47,354023.043
25/11/2019 00:00,139.99,151.5,131.45,145.69,749675.413
24/11/2019 00:00,151.84,152.86,138.62,139.96,352319.2156
23/11/2019 00:00,149.55,154.33,146.11,151.84,369721.0996
22/11/2019 00:00,161.02,162.79,138,149.56,977977.2379
21/11/2019 00:00,174.75,175.85,157.26,161.01,473895.9299
20/11/2019 00:00,175.93,177.41,173.5,174.72,216315.9331
19/11/2019 00:00,178.2,178.52,172.65,175.94,275886.6411
18/11/2019 00:00,183.82,184.06,175.01,178.2,293551.2363
17/11/2019 00:00,182.37,186.09,180,183.82,198892.4372
16/11/2019 00:00,179.99,183.46,179.3,182.37,172801.5258
15/11/2019 00:00,184.93,186.7,177.67,180,407466.7896
14/11/2019 00:00,188.07,188.72,183.34,184.92,245505.2997
13/11/2019 00:00,187.09,189.66,185.3,188.11,197273.84
12/11/2019 00:00,184.98,187.65,182.41,187.09,256782.6312
11/11/2019 00:00,188.96,190.19,184.06,184.98,255579.9343
10/11/2019 00:00,184.86,191.58,183.3,188.96,274940.5345
09/11/2019 00:00,183.71,185.79,182.63,184.89,192073.3804
08/11/2019 00:00,186.67,188.26,181.41,183.74,365029.7503
07/11/2019 00:00,191.16,192.27,184.59,186.68,309882.0821
06/11/2019 00:00,188.65,195.09,187.72,191.16,343219.9224
05/11/2019 00:00,185.71,192.51,182.22,188.68,389668.6472
04/11/2019 00:00,181.53,188.64,180.36,185.71,321175.2913
03/11/2019 00:00,182.9,184.7,178.95,181.54,232621.5215
02/11/2019 00:00,182.86,186,181.53,182.91,179864.3974
01/11/2019 00:00,182.19,184.5,177.02,182.85,331519.7696
31/10/2019 00:00,183.14,185.27,177.66,182.18,410969.861
30/10/2019 00:00,190.45,191.71,179.28,183.13,537770.4306
29/10/2019 00:00,181.67,192.74,181.26,190.46,529964.5054
28/10/2019 00:00,183.84,189.48,180.35,181.72,582179.4455
27/10/2019 00:00,179.42,188.7,176.22,183.75,724423.4053
26/10/2019 00:00,181.53,197.74,173.8,179.49,1211737.437
25/10/2019 00:00,160.39,187.78,160.25,181.5,904832.8606
24/10/2019 00:00,162.35,163.72,158.72,160.38,387310.8377
23/10/2019 00:00,171.19,171.49,153.45,162.35,746955.0981
22/10/2019 00:00,174,175.04,170.3,171.2,255429.4162
21/10/2019 00:00,175.18,177.9,171.59,173.98,270608.5139
20/10/2019 00:00,171.84,176.88,169.21,175.22,299141.0715
19/10/2019 00:00,172.78,174.98,169.44,171.79,296918.7303
18/10/2019 00:00,177.17,177.44,168.66,172.74,319602.4851
17/10/2019 00:00,174.52,178.96,172.61,177.16,298795.8198
16/10/2019 00:00,180.52,181.44,171.81,174.47,347764.9346
15/10/2019 00:00,186.7,188.37,175.96,180.49,405466.3811
14/10/2019 00:00,180.98,187.54,180.43,186.72,279732.8461
13/10/2019 00:00,179.65,184.95,178.52,180.99,247589.2323
12/10/2019 00:00,180.65,184.64,177.59,179.68,290415.2204
11/10/2019 00:00,191.18,196.65,179.41,180.72,621693.6313
10/10/2019 00:00,192.61,194.2,186.88,191.14,436588.5845
09/10/2019 00:00,180.61,195.53,178.96,192.62,562506.8219
08/10/2019 00:00,179.88,184.87,177,180.6,400832.3783
07/10/2019 00:00,170.08,182.32,168.68,179.85,496523.4804
06/10/2019 00:00,176.23,177.04,167.68,170.1,314932.3963
05/10/2019 00:00,175.55,176.71,172.02,176.25,278488.6177
04/10/2019 00:00,174.71,178.98,170.74,175.55,333897.6388
03/10/2019 00:00,180.24,180.72,169.55,174.69,354756.7848
02/10/2019 00:00,175.65,181.29,173.65,180.24,348268.1162
01/10/2019 00:00,180.89,185.53,173.19,175.66,609819.6083
30/09/2019 00:00,169.26,181.24,165.01,180.85,580295.3997
29/09/2019 00:00,173.5,174.5,164.12,169.24,410855.1218
28/09/2019 00:00,173.83,175.49,168,173.49,521775.4659
27/09/2019 00:00,165.92,176.72,161.03,173.79,634932.9671
26/09/2019 00:00,169.96,171.01,152.11,165.92,779942.1715
25/09/2019 00:00,165.72,174.85,161.88,169.96,879001.4621
24/09/2019 00:00,201.25,202.98,150.03,165.81,1478218.827
23/09/2019 00:00,211.2,211.68,198.65,201.29,392437.0708
22/09/2019 00:00,215.04,215.61,206.1,211.2,445388.9479
21/09/2019 00:00,218.01,221.5,213.2,215.05,417891.5242
20/09/2019 00:00,220.26,221.54,212.05,218.03,437804.1267
19/09/2019 00:00,210.27,223.94,202.3,220.24,844358.8216
18/09/2019 00:00,207.85,217.27,207.66,210.21,539028.5101
17/09/2019 00:00,197.23,215.13,195.74,207.84,715863.2262
16/09/2019 00:00,189.05,199.44,188.3,197.22,551006.8169
15/09/2019 00:00,188.14,190.45,185.76,189.03,288928.6083
14/09/2019 00:00,180.96,188.79,179.75,188.13,279371.8342
13/09/2019 00:00,180.71,181.38,177.54,180.95,264422.5406
12/09/2019 00:00,178.3,182.38,176.62,180.72,203543.1366
11/09/2019 00:00,179.87,182.8,173,178.28,278555.4671
10/09/2019 00:00,180.52,184.36,177,179.81,238387.51
09/09/2019 00:00,181.18,185.38,176.01,180.54,273729.9487
08/09/2019 00:00,177.58,184.18,176.13,181.19,290083.475
07/09/2019 00:00,169.11,180.8,168.3,177.62,253831.2317
06/09/2019 00:00,173.74,177.87,165,169.08,315822.3798
05/09/2019 00:00,174.7,176.19,168.1,173.75,232753.836
04/09/2019 00:00,178.79,180.14,173,174.72,286226.2517
03/09/2019 00:00,178,183,174.09,178.75,327857.8545
02/09/2019 00:00,170.73,181,170.02,178.05,294627.3125
01/09/2019 00:00,171.52,173.42,167.61,170.74,191140.5237
31/08/2019 00:00,168.48,174.98,165.63,171.57,194999.1958
30/08/2019 00:00,169.03,170.77,165.55,168.5,238616.6887
29/08/2019 00:00,173.03,173.5,163.61,169.01,295241.216
28/08/2019 00:00,187.3,188.25,166.48,173.03,334480.6176
27/08/2019 00:00,188.61,189.49,184.75,187.24,157898.563
26/08/2019 00:00,186.54,193.7,186,188.67,254397.7947
25/08/2019 00:00,190.6,192.4,182.8,186.54,169862.9152
24/08/2019 00:00,194.02,194.09,185.63,190.6,167806.3429
23/08/2019 00:00,190.36,196.19,188.16,194.02,192548.5155
22/08/2019 00:00,187.45,195.14,182.8,190.35,245575.9877
21/08/2019 00:00,196.55,197.2,179.53,187.45,284973.6419
20/08/2019 00:00,202.24,202.75,194.45,196.6,189297.7549
19/08/2019 00:00,194.32,203.59,192.7,202.28,239541.5978
18/08/2019 00:00,185.67,197.91,183.35,194.33,175363.5062
17/08/2019 00:00,184.83,187,181.83,185.59,138799.6151
16/08/2019 00:00,187.98,188.39,178.04,184.88,282177.0158
15/08/2019 00:00,187.08,189.95,181.23,188.03,237953.0943
14/08/2019 00:00,209.31,209.9,183.49,187.1,325228.9893
13/08/2019 00:00,211.58,214.3,204,209.3,166922.482
12/08/2019 00:00,216.41,216.81,209.75,211.41,122760.9462
11/08/2019 00:00,206.48,216.94,206.14,216.42,188474.0905
10/08/2019 00:00,210.52,215,202.6,206.48,252614.0239
09/08/2019 00:00,221.38,221.79,207.3,210.53,232062.1276
08/08/2019 00:00,226.11,228.5,215.51,221.39,236886.3542
07/08/2019 00:00,226.31,231.25,220.95,226.1,279104.7037
06/08/2019 00:00,233.53,239.15,223.03,226.28,341279.0816
05/08/2019 00:00,221.79,236.25,221.79,233.54,307956.2721
04/08/2019 00:00,222.14,223.34,216.9,221.79,135622.0258
03/08/2019 00:00,217.69,224.51,216.62,222.14,181591.953
02/08/2019 00:00,216.8,222.18,214.31,217.61,206867.0304
01/08/2019 00:00,218.42,219.39,210.54,216.84,186806.1884
31/07/2019 00:00,209.57,218.79,209.2,218.42,207213.5566
30/07/2019 00:00,210.84,214.36,204.4,209.58,222683.7939
29/07/2019 00:00,211.58,215.83,206.59,210.89,226941.28
28/07/2019 00:00,207.3,213.52,198.24,211.62,218801.1669
27/07/2019 00:00,218.81,223.3,203,207.3,301209.4111
26/07/2019 00:00,219.14,220,212.71,218.81,197781.9865
25/07/2019 00:00,216.31,225.12,215.23,219.14,280370.2963
24/07/2019 00:00,212.55,218.28,202,216.31,331162.6484
23/07/2019 00:00,217.59,219.55,208.36,212.48,317876.4824
22/07/2019 00:00,225.49,228.34,212.25,217.51,271310.4045
21/07/2019 00:00,228.25,229.66,216.99,225.38,270046.1519
20/07/2019 00:00,220.84,235.09,219.78,228.2,325393.9723
19/07/2019 00:00,225.75,226.23,212.52,220.73,371622.2187
18/07/2019 00:00,210.8,229.65,205.71,225.73,609081.4909
17/07/2019 00:00,198.94,219.86,191.84,210.81,694854.1013
16/07/2019 00:00,228.2,234.5,192.25,198.88,715604.832
15/07/2019 00:00,225.83,235.58,203.08,228.2,715991.2069
14/07/2019 00:00,268.8,269.74,222.81,225.85,540052.5842
13/07/2019 00:00,274.53,275.04,262.2,268.79,205959.2685
12/07/2019 00:00,268.67,278.99,266.21,274.62,266734.5421
11/07/2019 00:00,289.23,289.23,262.12,268.63,501592.7521
10/07/2019 00:00,307.46,314.18,281.04,289.23,457080.9406
09/07/2019 00:00,311.96,318.19,302.69,307.46,309447.3493
08/07/2019 00:00,304.72,313.74,300.78,311.97,289607.3418
07/07/2019 00:00,288.29,309.69,284.25,304.72,246111.366
06/07/2019 00:00,287.32,296.71,285.28,288.29,196064.6471
05/07/2019 00:00,282.86,294.89,280.78,287.47,261139.2834
04/07/2019 00:00,301.11,302.74,280.53,282.73,270791.3688
03/07/2019 00:00,291.47,302.89,285,301.14,370521.9664
02/07/2019 00:00,295.03,297.57,272.65,291.48,493772.9658
01/07/2019 00:00,292.89,303.49,280.13,295.07,489769.2742
30/06/2019 00:00,317.64,323.5,290.12,292.7,489028.5684
29/06/2019 00:00,310.95,324.74,295.18,317.62,425555.1626
28/06/2019 00:00,298.35,313.58,295.22,311.05,529174.4772
27/06/2019 00:00,339.53,347,280.01,298.35,1016826.449
26/06/2019 00:00,318.29,366.8,315.57,339.39,1008551.287
25/06/2019 00:00,311.65,318.99,307,318.26,345559.6505
24/06/2019 00:00,308.42,314.41,298,311.64,352791.2696
23/06/2019 00:00,310.7,321.7,305.58,308.52,418812.0275
22/06/2019 00:00,294.25,314.39,289.69,310.79,726254.6706
21/06/2019 00:00,271.27,295.94,271.22,294.35,519818.0691
20/06/2019 00:00,268.16,273.63,265.71,271.22,200717.7737
19/06/2019 00:00,264.68,270,263.59,268.14,208375.6838
18/06/2019 00:00,273.14,273.58,261.45,264.66,319941.5516
17/06/2019 00:00,267.73,276,266.81,273.16,339277.6671
16/06/2019 00:00,267.78,277.06,263.31,267.73,458176.5424
15/06/2019 00:00,262.48,272.27,260.61,267.82,286594.9803
14/06/2019 00:00,254.67,264.26,251.75,262.47,327383.2824
13/06/2019 00:00,261.13,262.98,253.69,254.67,291757.2164
12/06/2019 00:00,244.36,261.87,242.2,261.15,336499.3016
11/06/2019 00:00,246.61,247.8,236.49,244.29,237508.428
10/06/2019 00:00,231.02,247.45,227.03,246.51,314662.5264
09/06/2019 00:00,243.33,244.53,226.56,230.98,316931.8564
08/06/2019 00:00,248.78,250.53,240.37,243.25,188448.2775
07/06/2019 00:00,248.77,253.28,243.46,248.77,353378.6568
06/06/2019 00:00,245.62,250.66,235.01,248.76,297579.1473
05/06/2019 00:00,241.46,250.41,237.37,245.63,335953.3793
04/06/2019 00:00,250.02,251.67,234.39,241.39,633822.7125
03/06/2019 00:00,268.87,270,248,249.91,397360.6528
02/06/2019 00:00,264.33,273.2,263.2,268.88,301536.1506
01/06/2019 00:00,267.9,275.5,260.68,264.33,455676.9861
31/05/2019 00:00,254.59,268.72,245.21,267.9,602153.8724
30/05/2019 00:00,268.92,288.62,240.14,254.56,1066279.494
29/05/2019 00:00,271.08,274.04,260.05,268.83,383412.4577
28/05/2019 00:00,270.7,275.95,264.45,271.03,409443.6936
27/05/2019 00:00,264.35,279.59,260,270.53,635463.502
26/05/2019 00:00,250.17,269.4,245.11,264.45,450090.2232
25/05/2019 00:00,248.84,257.33,247.22,250.22,332544.3873
24/05/2019 00:00,244.63,254.35,241.54,248.87,447066.926
23/05/2019 00:00,243.68,247.34,231.1,244.56,600193.8937
22/05/2019 00:00,253.35,260.18,239.63,243.64,592848.9561
21/05/2019 00:00,250.48,262,246.06,253.43,580249.6975
20/05/2019 00:00,259.37,259.49,238,250.37,666889.8224
19/05/2019 00:00,233.57,264,231.77,259.51,823859.0634
18/05/2019 00:00,244.31,248,230.62,233.6,673218.0998
17/05/2019 00:00,264.35,268.74,223.43,244.3,1529892.569
16/05/2019 00:00,248.06,279.76,241.76,264.25,1733360.894
15/05/2019 00:00,216.4,250.27,216.21,248.1,574697.2993
14/05/2019 00:00,195.83,219.81,194.19,216.4,864211.006
13/05/2019 00:00,188.07,206.87,185.32,195.84,669265.4652
12/05/2019 00:00,190.2,204.32,181,188.11,823372.2815
11/05/2019 00:00,172.92,205.23,172.92,190.2,885292.3839
10/05/2019 00:00,170.96,176.7,168.46,172.91,425543.7402
09/05/2019 00:00,170.88,173.88,166.57,170.9,284663.9946
08/05/2019 00:00,169.07,173.17,164.8,170.85,296410.761
07/05/2019 00:00,172.98,182.76,167.89,169.18,732496.8786
06/05/2019 00:00,163.05,178.05,157.55,173,506528.1428
05/05/2019 00:00,163.71,165.36,159.18,163.05,176029.1045
04/05/2019 00:00,168.1,171.3,159.76,163.7,312928.5835
03/05/2019 00:00,161.82,170.86,160.99,168.06,416357.5212
02/05/2019 00:00,160.2,163.48,158.5,161.81,289519.0203
01/05/2019 00:00,161.85,163.88,158.36,160.19,192517.6276
30/04/2019 00:00,155.14,162.89,155.11,161.83,305056.2465
29/04/2019 00:00,157.86,159.05,152,155.11,243591.949
28/04/2019 00:00,159.32,160.24,156.92,157.85,152976.3018
27/04/2019 00:00,157.93,166.24,156.35,159.31,215918.6384
26/04/2019 00:00,154.7,162.56,151.4,157.95,500355.8628
25/04/2019 00:00,164.78,165.49,150.35,154.72,422657.0324
24/04/2019 00:00,169.15,169.87,159.26,164.78,426497.0415
23/04/2019 00:00,170.52,175.83,167.78,169.16,363523.3453
22/04/2019 00:00,168.59,172.3,167,170.52,269868.3988
21/04/2019 00:00,172.89,173.48,164.82,168.59,283450.4394
20/04/2019 00:00,172.66,176.97,169.87,172.88,253596.4841
19/04/2019 00:00,173.34,173.55,168.59,172.64,320541.7217
18/04/2019 00:00,165.75,175.2,165.04,173.33,396118.9441
17/04/2019 00:00,165.41,167.28,163.78,165.75,227841.5498
16/04/2019 00:00,159.91,166.73,159.41,165.37,240370.5044
15/04/2019 00:00,167.21,168.81,155.7,159.95,351548.9079
14/04/2019 00:00,162.99,168.11,161.2,167.23,186977.6621
13/04/2019 00:00,163.2,165.37,160.74,162.99,179237.7457
12/04/2019 00:00,164.06,166.5,158.11,163.19,316337.8782
11/04/2019 00:00,177.12,177.48,158.27,164.07,661305.3032
10/04/2019 00:00,174.58,183.77,168,177.12,523943.205
09/04/2019 00:00,178.71,179.17,171.05,174.6,431986.3611
08/04/2019 00:00,174.29,185.87,170.9,178.72,873410.0729
07/04/2019 00:00,165.56,175.43,164.06,174.21,465507.525
06/04/2019 00:00,164.84,172.77,159.2,165.5,528168.333
05/04/2019 00:00,157.33,167.83,155.94,164.77,516070.3455
04/04/2019 00:00,159.96,164,152.8,157.36,686080.9525
03/04/2019 00:00,163.26,177.81,149.23,159.96,1345344.538
02/04/2019 00:00,141.24,165.6,141,163.31,906868.8586
01/04/2019 00:00,141.41,143.08,139.57,141.24,234310.1916
31/03/2019 00:00,142.44,142.5,140.42,141.38,142469.2117
30/03/2019 00:00,143.25,145.89,140.06,142.46,254798.7007
29/03/2019 00:00,137.85,143.6,137.62,143.25,235853.0454
28/03/2019 00:00,139.46,139.57,137.3,137.86,163185.6991
27/03/2019 00:00,134.14,140.14,133.84,139.45,317167.4533
26/03/2019 00:00,133.97,134.74,132.27,134.18,183139.1143
25/03/2019 00:00,136.12,136.83,131.6,133.98,230880.285
24/03/2019 00:00,137.28,137.37,134.75,136.09,198490.4512
23/03/2019 00:00,135.92,138.21,135.6,137.28,174710.4306
22/03/2019 00:00,134.85,137.2,134.29,135.98,186119.7475
21/03/2019 00:00,139.04,139.55,131.21,134.85,312531.3937
20/03/2019 00:00,138.56,139.66,136.01,139.01,222883.5175
19/03/2019 00:00,137.62,139.38,136.97,138.55,218577.4521
18/03/2019 00:00,138.67,142.01,136.1,137.59,281718.962
17/03/2019 00:00,140.94,141.07,137.2,138.67,252697.0815
16/03/2019 00:00,136.6,144.47,136.51,140.92,474664.102
15/03/2019 00:00,132.24,137.62,132.18,136.56,295832.2656
14/03/2019 00:00,131.69,135.11,128.52,132.2,258413.8187
13/03/2019 00:00,133.62,133.65,130.58,131.65,209456.0985
12/03/2019 00:00,132.67,135.3,130.77,133.57,194905.9684
11/03/2019 00:00,135.37,136.15,131,132.67,264587.0068
10/03/2019 00:00,137.27,137.5,134,135.37,203965.1682
09/03/2019 00:00,133.51,138.65,132.93,137.27,279861.1205
08/03/2019 00:00,136.82,139.34,130.62,133.52,330283.5823
07/03/2019 00:00,137.37,140.2,135.2,136.81,307336.4931
06/03/2019 00:00,136.71,140.29,133.33,137.4,428826.8742
05/03/2019 00:00,125.68,137.84,125.19,136.72,512631.2318
04/03/2019 00:00,130.6,131.11,122.6,125.65,403947.7945
03/03/2019 00:00,132.54,134.6,128.01,130.6,222453.2859
02/03/2019 00:00,135.32,136.12,130.03,132.56,297005.2809
01/03/2019 00:00,135.32,137.95,134.9,135.32,302632.0283
28/02/2019 00:00,135.03,139,132.1,135.34,579327.3175
27/02/2019 00:00,136.22,140.29,126.84,135.02,567202.6104
26/02/2019 00:00,137.88,138.41,133.72,136.22,432944.1703
25/02/2019 00:00,132.1,141.55,131.89,137.87,801147.0954
24/02/2019 00:00,157.75,166,131.7,132.1,1260506.807
23/02/2019 00:00,147.4,159.6,145.78,157.79,588183.729
22/02/2019 00:00,145.68,148.85,143.85,147.36,366251.1854
21/02/2019 00:00,148.42,149.61,142.7,145.69,447364.4087
20/02/2019 00:00,143.45,149.52,139.6,148.44,614303.6101
19/02/2019 00:00,145.69,150,142.36,143.44,747968.9045
18/02/2019 00:00,133.77,148.3,132.42,145.69,1079830.15
17/02/2019 00:00,122.67,135.61,122.43,133.75,614788.6008
16/02/2019 00:00,121.66,124.99,121.54,122.67,215320.7013
15/02/2019 00:00,120.47,124.25,120.19,121.67,255296.0814
14/02/2019 00:00,121.86,124.5,120.1,120.42,297205.7874
13/02/2019 00:00,122.4,126.47,120.7,121.86,317827.3196
12/02/2019 00:00,120.88,123.89,118.18,122.41,343765.6699
11/02/2019 00:00,125.12,125.28,119.24,120.89,389405.304
10/02/2019 00:00,119.19,126.49,115.81,125.12,385819.0962
09/02/2019 00:00,119.32,121.99,117.64,119.19,328067.9574
08/02/2019 00:00,104.48,123,103.41,119.25,589950.6493
07/02/2019 00:00,104.49,106.18,103.82,104.48,147942.0768
06/02/2019 00:00,107.28,107.83,101.21,104.5,337204.3025
05/02/2019 00:00,107.65,108.18,106.47,107.27,159730.1886
04/02/2019 00:00,107.33,109.3,106.57,107.68,160850.1029
03/02/2019 00:00,110.41,111.11,105.82,107.36,227211.5406
02/02/2019 00:00,106.71,111.15,106.07,110.42,186908.7573
01/02/2019 00:00,106.47,108.35,103.77,106.73,243149.8844
31/01/2019 00:00,108.29,110.61,105.46,106.44,290679.6194
30/01/2019 00:00,104.41,109.8,103.45,108.29,330968.1927
29/01/2019 00:00,105.49,106.61,102.22,104.45,319768.9135
28/01/2019 00:00,112.04,112.87,100.91,105.5,566205.7829
27/01/2019 00:00,115.32,116.15,111.04,112.05,247369.6056
26/01/2019 00:00,115.13,118,115,115.34,146216.8282
25/01/2019 00:00,116.4,117.5,114.3,115.11,198617.0811
24/01/2019 00:00,116.4,117.15,113.61,116.39,216242.2983
23/01/2019 00:00,117.8,118.95,114.8,116.44,230247.6158
22/01/2019 00:00,115.62,119.49,111.39,117.81,359542.6387
21/01/2019 00:00,117.56,118.5,113.61,115.63,303632.9346
20/01/2019 00:00,122.61,123.32,115.68,117.47,451792.8535
19/01/2019 00:00,119.16,125.29,119.14,122.6,323303.793
18/01/2019 00:00,121.56,121.98,117.66,119.17,235646.684
17/01/2019 00:00,121.49,122.99,116.8,121.54,447535.2272
16/01/2019 00:00,118.93,126.88,118.52,121.48,513486.6547
15/01/2019 00:00,126.95,129.4,116,118.95,649020.5297
14/01/2019 00:00,114.17,130.05,113.94,126.95,546420.4085
13/01/2019 00:00,123.35,124.25,111.87,114.16,422561.9678
12/01/2019 00:00,124.67,126.19,122,123.35,300262.134
11/01/2019 00:00,124.96,127.36,120.08,124.65,545293.9837
10/01/2019 00:00,148.11,149.45,121,124.95,871751.7504
09/01/2019 00:00,147.62,151.5,146.77,148.1,299443.563
08/01/2019 00:00,149.29,151.65,145.2,147.6,441661.0678
07/01/2019 00:00,153.89,155.48,147.86,149.34,424765.3026
06/01/2019 00:00,152.83,157.4,147.51,153.86,627908.4737
05/01/2019 00:00,152.08,159.26,151.2,152.83,773169.1374
04/01/2019 00:00,146.3,154.8,143.54,151.97,805248.9382
03/01/2019 00:00,152.01,153.64,143.11,146.3,708091.3171
02/01/2019 00:00,139.1,155.37,137.76,152.01,941486.3152
01/01/2019 00:00,131.45,140.67,130,139.1,401776.888
31/12/2018 00:00,137.81,138.66,128.7,131.45,484604.8396
30/12/2018 00:00,133,139,127.03,137.77,704259.4161
29/12/2018 00:00,135.3,145.42,128.5,132.89,1006654.498
28/12/2018 00:00,113.75,136.66,111.87,135.3,894454.1905
27/12/2018 00:00,129.35,131.09,111.22,113.8,752177.9011
26/12/2018 00:00,127.61,135.32,122.51,129.35,794834.056
25/12/2018 00:00,138.01,139.26,119.68,127.6,1076164.128
24/12/2018 00:00,129.03,157.67,128.8,138.03,1319609.817
23/12/2018 00:00,115.18,131.94,114.91,129.03,936094.1049
22/12/2018 00:00,107.67,115.5,105.38,115.2,405672.8312
21/12/2018 00:00,113.71,118,104.76,107.69,666048.7179
20/12/2018 00:00,98.73,116,97.88,114.05,859612.5721
19/12/2018 00:00,100.39,107.55,97.75,98.74,827748.591
18/12/2018 00:00,94.03,101.3,91.34,100.39,529946.7918
17/12/2018 00:00,84.68,97,84.4,94.02,472252.2339
16/12/2018 00:00,83.75,87.64,83.73,84.67,241366.7631
15/12/2018 00:00,83.82,85,81.79,83.76,217360.6578
14/12/2018 00:00,86.35,87.25,82.2,83.82,318003.7343
13/12/2018 00:00,89.39,90.71,84.71,86.34,331218.3008
12/12/2018 00:00,87.77,91.31,86.63,89.41,285436.0403
11/12/2018 00:00,89.88,91.65,85.83,87.76,339991.8425
10/12/2018 00:00,93.26,95.21,88.11,89.91,408573.0293
09/12/2018 00:00,90.39,98.7,88.63,93.26,520519.3602
08/12/2018 00:00,93.06,98,84.55,90.38,698217.1253
07/12/2018 00:00,91.18,96.9,82.07,93.05,1030073.585
06/12/2018 00:00,102.73,104.68,90.2,91,586138.5904
05/12/2018 00:00,109.92,110.58,102.38,102.71,354071.5324
04/12/2018 00:00,108.76,113.2,106,109.94,275321.0063
03/12/2018 00:00,116.63,116.96,106.7,108.76,324446.0332
02/12/2018 00:00,118.09,120.73,116,116.57,273657.6215
01/12/2018 00:00,113.71,120.8,111.35,118.1,330159.0674
30/11/2018 00:00,117.99,120.26,111.09,113.73,418593.6353
29/11/2018 00:00,122.88,124,114.78,117.98,478777.3961
28/11/2018 00:00,111.38,126.8,111.37,122.9,578552.7412
27/11/2018 00:00,110.66,114.31,102.36,111.43,524024.4062
26/11/2018 00:00,118.65,121.5,106.41,110.68,679477.3623
25/11/2018 00:00,114.83,122.35,102.95,118.67,836233.3125
24/11/2018 00:00,125,130.81,112.32,114.89,471321.5676
23/11/2018 00:00,126.58,128.9,118.56,125.02,504352.2439
22/11/2018 00:00,138.36,140.4,125.64,126.63,334674.0719
21/11/2018 00:00,133.68,142.01,127.15,138.23,718957.7855
20/11/2018 00:00,150.76,154.7,126.95,133.82,996552.2872
19/11/2018 00:00,179.04,179.33,146.47,150.81,596789.8392
18/11/2018 00:00,176.2,182.94,176.1,178.97,141736.3226
17/11/2018 00:00,176.93,177.91,173.94,176.2,144804.7099
16/11/2018 00:00,184.35,185,173,176.89,241710.3476
15/11/2018 00:00,187.43,190,170.99,184.35,452416.1078
14/11/2018 00:00,209.84,210.3,176.16,187.43,434676.1683
13/11/2018 00:00,212.91,213.8,209.2,209.84,114466.3671
12/11/2018 00:00,212.6,214.22,210.9,212.89,99963.97203
11/11/2018 00:00,213.27,213.99,209,212.54,136268.8116
10/11/2018 00:00,210.78,215.55,209.02,213.25,131384.4789
09/11/2018 00:00,212.79,215.51,209.1,210.77,152215.9469
08/11/2018 00:00,219.06,220.78,212.49,212.79,189828.4945
07/11/2018 00:00,220.77,224.8,217.01,219.07,204931.0342
06/11/2018 00:00,210.64,221.25,209.11,220.74,197797.4953
05/11/2018 00:00,212.13,213.39,207.62,210.66,141432.1406
04/11/2018 00:00,200.27,218.76,199,212.11,182534.6216
03/11/2018 00:00,202.31,202.69,198.59,200.31,72084.92932
02/11/2018 00:00,199.93,203.74,199.34,202.35,97123.22813
01/11/2018 00:00,198.7,200.95,197.88,199.96,86097.98629
31/10/2018 00:00,197.24,201.45,193.01,198.73,114739.7042
30/10/2018 00:00,196.95,198.6,195.91,197.27,83633.81463
29/10/2018 00:00,204.99,205.49,195.28,196.96,118281.8227
28/10/2018 00:00,204.45,205.94,203.62,204.99,44394.83357
27/10/2018 00:00,204.92,206.15,203.09,204.45,50235.68329
26/10/2018 00:00,203.84,209,203,204.92,91143.83291
25/10/2018 00:00,205.35,205.94,202.88,203.93,77411.57217
24/10/2018 00:00,205.85,207.95,204.73,205.35,97128.82698
23/10/2018 00:00,206.67,207.8,202.14,205.85,112753.0414
22/10/2018 00:00,207.46,209.3,205,206.67,206046.8996
21/10/2018 00:00,207.91,211.99,206.74,207.49,83277.36128
20/10/2018 00:00,205.1,209.69,203.57,207.91,62376.6968
19/10/2018 00:00,206.25,208,204.21,205,254660.4864
18/10/2018 00:00,212.9,215.3,203.53,206.24,150229.601
17/10/2018 00:00,215.2,216.99,210,212.85,153768.8502
16/10/2018 00:00,214.39,219.95,211.55,215.09,145980.0984
15/10/2018 00:00,196.84,239,194.6,214.39,973857.7477
14/10/2018 00:00,201.39,203.56,194.33,197.01,110554.1936
13/10/2018 00:00,196.96,202.78,196.27,201.3,107215.5262
12/10/2018 00:00,191.55,201.87,190.04,196.96,216448.3922
11/10/2018 00:00,226.7,226.91,189.01,191.58,497258.8287
10/10/2018 00:00,228.4,228.78,224.05,226.74,122748.2141
09/10/2018 00:00,230.01,231.02,226.56,228.4,100246.1843
08/10/2018 00:00,226.26,232.7,224.21,230.01,210989.422
07/10/2018 00:00,225.39,227.75,221.48,226.14,74733.67253
06/10/2018 00:00,228.36,228.86,223.15,225.4,100257.5697
05/10/2018 00:00,222.66,231.75,219.35,228.37,137730.3579
04/10/2018 00:00,220.67,227.16,219.49,222.66,158137.4297
03/10/2018 00:00,225.7,226.43,216.51,220.77,275609.2622
02/10/2018 00:00,231.62,232.51,223.37,225.69,401305.3271
01/10/2018 00:00,233.04,235.88,224.46,231.61,322900.4613
30/09/2018 00:00,231.62,239,226.5,232.94,432195.4408
29/09/2018 00:00,221.89,237.77,214.18,231.62,604000.9559
28/09/2018 00:00,229.1,234.42,215.53,221.84,618434.6249
27/09/2018 00:00,214.38,234,205.01,229.13,582274.4409
26/09/2018 00:00,219.5,223.6,207.5,214.42,613754.2774
25/09/2018 00:00,228.06,228.1,203.61,219.62,710650.7097
24/09/2018 00:00,244.54,246.2,225.3,228.06,350139.1505
23/09/2018 00:00,241.01,249.73,237,244.5,235214.1492
22/09/2018 00:00,247.67,255.13,232.7,241.01,423740.7403
21/09/2018 00:00,224,252.11,220.66,247.73,841029.1295
20/09/2018 00:00,209.79,226.68,205.56,224,573632.2424
19/09/2018 00:00,208.42,214.84,197.58,209.79,496100.4664
18/09/2018 00:00,196.25,215.47,193.47,208.17,584366.1501
17/09/2018 00:00,220.24,225,192.4,196.16,825020.7745
16/09/2018 00:00,221.62,223.5,208.1,220.17,425538.5771
15/09/2018 00:00,208.55,227.42,207.64,221.29,441046.5293
14/09/2018 00:00,210.91,224.2,202.6,208.82,833945.8257
13/09/2018 00:00,183.17,215,183.15,210.68,739503.3405
12/09/2018 00:00,185.14,185.22,167.32,183.12,504047.7917
11/09/2018 00:00,197.22,200.2,176.16,185.18,476745.7922
10/09/2018 00:00,196.13,203.42,187.1,197.15,418489.8666
09/09/2018 00:00,196.87,208.6,185.02,195.81,429255.0259
08/09/2018 00:00,215.19,220.2,190.01,196.71,318859.849
07/09/2018 00:00,229.73,234.69,213.5,215.22,398379.8174
06/09/2018 00:00,228.28,233.19,212,229.7,552996.8657
05/09/2018 00:00,285.18,287.62,227,228.53,528734.3196
04/09/2018 00:00,289.09,292.64,283,285.3,330102.19
03/09/2018 00:00,295.51,296.62,285.99,289.09,274753.7006
02/09/2018 00:00,295.8,299.33,288.87,295.41,153300.0611
01/09/2018 00:00,281.46,302,281.34,295.71,294944.4401
31/08/2018 00:00,283.9,289,276.59,281.41,302663.3704
30/08/2018 00:00,288.35,291,271.88,283.89,336993.1441
29/08/2018 00:00,295.44,297,283.55,288.4,324275.4732
28/08/2018 00:00,287.71,298,282.66,295.44,318323.2897
27/08/2018 00:00,274.17,288.15,271.59,287.71,281020.6473
26/08/2018 00:00,277.54,277.91,268.69,274.29,232525.9497
25/08/2018 00:00,281.05,282.71,275.99,277.55,253375.4948
24/08/2018 00:00,276.06,283.1,270.22,281.19,271850.2137
23/08/2018 00:00,270.68,280.3,267.55,275.99,277304.6091
22/08/2018 00:00,281.09,298.89,259.5,270.8,403936.783
21/08/2018 00:00,270.51,285.9,269.7,281.21,224701.5767
20/08/2018 00:00,299.3,304.04,269.5,270.51,219153.7894
19/08/2018 00:00,294.1,307.4,288.2,299.42,288483.4484
18/08/2018 00:00,317.51,321.33,281.79,294.11,384021.3883
17/08/2018 00:00,286.84,318,285,317.51,342556.4607
16/08/2018 00:00,281.46,298.6,277.55,287.17,235665.2551
15/08/2018 00:00,278.47,304.45,276.3,281.12,438620.6416
14/08/2018 00:00,283.81,283.81,250,278.41,485174.3754
13/08/2018 00:00,317.96,321.99,280.68,283.81,307713.2221
12/08/2018 00:00,317.49,327.13,313.42,317.89,135524.7999
11/08/2018 00:00,331.88,332.98,304.45,317.69,335634.6724
10/08/2018 00:00,363.21,365.87,325.95,331.81,264274.1338
09/08/2018 00:00,355.48,369.9,350.51,363.3,244268.2057
08/08/2018 00:00,378.2,380.42,347.25,355.48,275047.1079
07/08/2018 00:00,405.19,412.76,369.19,378.21,207706.1108
06/08/2018 00:00,408.77,413.28,397.08,405.28,166496.4247
05/08/2018 00:00,407.21,413.24,400.16,408.79,158913.7721
04/08/2018 00:00,417.58,419.53,401.86,407.21,179498.5752
03/08/2018 00:00,410.62,420.01,396.61,417.52,201156.6115
02/08/2018 00:00,420.37,425.52,407.43,410.62,178421.1067
01/08/2018 00:00,432.2,434.99,406.55,420.41,209570.0844
31/07/2018 00:00,456.19,457.3,427,432.22,214913.5723
30/07/2018 00:00,466.4,469.79,446.1,456.23,179581.7942
29/07/2018 00:00,468.44,472,461.6,466.4,138747.5633
28/07/2018 00:00,470.09,472,460.82,469.29,156862.5936
27/07/2018 00:00,462.17,474,455.84,470.09,198304.7921
26/07/2018 00:00,472.11,485,460,462.64,173976.2192
25/07/2018 00:00,479.24,485.77,464,472.1,170475.5494
24/07/2018 00:00,450.05,484.27,448.47,479.28,158286.759
23/07/2018 00:00,457.47,469.82,447.11,450.05,106561.4608
22/07/2018 00:00,460.23,472.2,454.19,457.47,60684.89595
21/07/2018 00:00,449.04,468.97,441.18,460.23,74259.64067
20/07/2018 00:00,468.7,471.02,440,449.04,160873.3824
19/07/2018 00:00,479.4,484.15,462.57,468.57,171308.0671
18/07/2018 00:00,498.89,515.47,468.01,479.41,236137.8071
17/07/2018 00:00,478.49,512,465.29,498.76,215318.0676
16/07/2018 00:00,449.79,480.57,444.03,478.49,172440.7134
15/07/2018 00:00,433.2,455,430.52,449.78,140415.2705
14/07/2018 00:00,432.43,440,428.26,433.19,122253.694
13/07/2018 00:00,431.14,442.47,424.62,432.46,150320.3253
12/07/2018 00:00,444.99,445.36,416.94,431.14,181877.0792
11/07/2018 00:00,432.55,452.69,424.2,444.99,159022.5973
10/07/2018 00:00,471.73,473.23,427.69,432.48,173640.9762
09/07/2018 00:00,486.55,488.98,468.2,471.71,89532.14109
08/07/2018 00:00,485.57,495.98,482.05,486.77,144703.1363
07/07/2018 00:00,470.48,487.99,461.5,485.57,83629.95382
06/07/2018 00:00,467.79,476,451.29,470.47,100428.648
05/07/2018 00:00,467.19,480,458.8,467.87,125806.0083
04/07/2018 00:00,461.78,482.7,458.02,467.38,101886.202
03/07/2018 00:00,476.32,486.98,457,461.82,186954.5548
02/07/2018 00:00,452.14,481.83,444.16,476.25,182585.1102
01/07/2018 00:00,454.2,457.77,443.73,452.1,111226.6285
30/06/2018 00:00,434.77,463.15,434.51,454.09,157169.2024
29/06/2018 00:00,420.48,442,404.48,434.77,159495.3094
28/06/2018 00:00,441.36,443.96,416.45,420.22,112309.5671
27/06/2018 00:00,429.81,445.95,420.19,441.64,99156.36437
26/06/2018 00:00,459.04,460.81,429,429.34,84003.09976
25/06/2018 00:00,454.29,474.47,444.37,458.7,122942.1165
24/06/2018 00:00,473.4,475.81,419.53,454.41,198264.1008
23/06/2018 00:00,462.4,481,455,473.41,94465.26834
22/06/2018 00:00,526.32,526.44,450,462.09,212659.5344
21/06/2018 00:00,536.34,544.98,521.11,526.18,79862.90544
20/06/2018 00:00,537.68,542.02,515.08,536.49,123892.0424
19/06/2018 00:00,517.77,548.2,510.01,537.97,148148.3806
18/06/2018 00:00,497.15,524.48,487.27,517.95,143826.6827
17/06/2018 00:00,496.45,507.6,492.7,497.14,117316.9322
16/06/2018 00:00,487.47,503.28,483.72,496.74,131095.4517
15/06/2018 00:00,519.3,521,481.62,487.48,160532.5361
14/06/2018 00:00,475.47,529,460,519.29,206093.0733
13/06/2018 00:00,493,501.97,449.06,475.47,181842.1942
12/06/2018 00:00,531.08,538.88,482,493,158223.1481
11/06/2018 00:00,524.64,535.51,508.66,531.69,145813.0782
10/06/2018 00:00,592.44,592.87,501.13,524.11,190350.5843
09/06/2018 00:00,599.29,608.97,591,592.87,38908.0653
08/06/2018 00:00,605.2,608.45,593.33,598.68,49228.00755
07/06/2018 00:00,606.68,618,598.24,605.16,60174.1888
06/06/2018 00:00,609.29,613.35,593.4,607.4,70152.92117
05/06/2018 00:00,591.02,614,570.36,609.05,89053.74351
04/06/2018 00:00,619.66,625.47,580.15,591.02,96339.44507
03/06/2018 00:00,590.85,628.81,590.1,619.66,84123.33235
02/06/2018 00:00,579,599.17,572.9,590.85,80258.14719
01/06/2018 00:00,577.81,590.26,564.93,579,83840.84162
31/05/2018 00:00,557.87,586.73,552.98,577.81,100101.5228
30/05/2018 00:00,567.09,585.83,541.2,557.19,122132.2701
29/05/2018 00:00,511.5,573.43,510,567.36,189082.8379
28/05/2018 00:00,570.81,576.2,506.11,511.5,153197.8328
27/05/2018 00:00,586.03,592,557.43,570.4,97097.26713
26/05/2018 00:00,585.56,607.62,578.32,586,77654.12532
25/05/2018 00:00,602.08,617.46,568.7,585.55,118076.2627
24/05/2018 00:00,577.19,612.1,550,602.18,195854.625
23/05/2018 00:00,640.86,669,560,577.19,257099.771
22/05/2018 00:00,697.1,699.6,637.32,640.99,107059.5769
21/05/2018 00:00,716.16,720.46,688,696.7,96085.15451
20/05/2018 00:00,697,729.88,688.4,716.16,86004.7409
19/05/2018 00:00,693.26,717.8,682.31,697,88828.85641
18/05/2018 00:00,667.62,694.9,656,692.6,106541.6631
17/05/2018 00:00,706.8,719.25,662,667.62,106723.3838
16/05/2018 00:00,704.91,712.84,673.52,706.29,118902.469
15/05/2018 00:00,727.49,740,695,704.91,127191.2186
14/05/2018 00:00,729.08,743.9,686,727.49,183466.9224
13/05/2018 00:00,684.56,742,666.31,729.08,136022.3921
12/05/2018 00:00,676.96,690.2,633.2,684.11,166801.0749
11/05/2018 00:00,722.52,737.23,663,676.96,216953.5499
10/05/2018 00:00,752.4,769.88,720,722.52,102019.2993
09/05/2018 00:00,748.99,760.74,710.26,751.75,112353.3776
08/05/2018 00:00,753,777,720.02,748.99,135106.1962
07/05/2018 00:00,794.3,799.14,701,752.49,284237.0633
06/05/2018 00:00,819.5,839.99,752.49,794.3,166871.16
05/05/2018 00:00,785.8,832.66,781.56,819.5,128631.1876
04/05/2018 00:00,779,810,756.91,785.99,179924.4022
03/05/2018 00:00,688.55,792.08,685.39,779,229419.209
02/05/2018 00:00,671.99,691.99,663,688.56,86185.5033
01/05/2018 00:00,670.78,675.6,627.58,672,133123.6668
30/04/2018 00:00,690.85,695.3,662.2,670.78,112494.9172
29/04/2018 00:00,683.5,700.49,665.28,690.85,110020.2387
28/04/2018 00:00,643.41,694.9,638.76,682.86,113128.3634
27/04/2018 00:00,661.51,686.82,635.73,643.46,134803.4839
26/04/2018 00:00,617.73,666.19,600,661.51,155754.0082
25/04/2018 00:00,701.16,703.3,593.83,618,341439.5043
24/04/2018 00:00,644.58,712.99,643.76,701.58,171437.6697
23/04/2018 00:00,620.67,649.11,618.02,645.09,77475.70793
22/04/2018 00:00,604.87,643.49,589,620.92,120127.3728
21/04/2018 00:00,616.8,624.5,570.23,604.87,159364.9535
20/04/2018 00:00,568.14,622.17,556.5,617.09,160209.0395
19/04/2018 00:00,526.49,571.61,521.03,568.14,112235.7733
18/04/2018 00:00,502.56,526.99,501.12,526.09,73161.95251
17/04/2018 00:00,512.09,521.2,500.02,502.56,96541.96382
16/04/2018 00:00,533.88,538,497.31,511.46,130359.5255
15/04/2018 00:00,502.68,535,502.51,533.88,108739.154
14/04/2018 00:00,494.69,515,485.58,502.68,121283.3338
13/04/2018 00:00,494.3,530,480.22,495.11,251752.0878
12/04/2018 00:00,429.9,499,412.88,495.67,249766.3832
11/04/2018 00:00,415.53,433.54,410.38,429.52,86706.68627
10/04/2018 00:00,399.25,418.68,391.4,416.07,81394.29605
09/04/2018 00:00,400.4,431.99,387.1,399.44,151653.5041
08/04/2018 00:00,384.51,404.05,384,400.4,57395.52936
07/04/2018 00:00,368.89,394.75,368.28,384.51,71463.42848
06/04/2018 00:00,381.56,385.91,362.54,368.89,74458.69141
05/04/2018 00:00,378.15,387.03,365.61,381.22,120314.0588
04/04/2018 00:00,415,416.5,370,378.16,140598.3967
03/04/2018 00:00,385,419.08,380.13,415.01,137897.5557
02/04/2018 00:00,378.58,394.87,375,385.05,113242.1419
01/04/2018 00:00,393.93,399.91,356.9,378.58,150493.9942
31/03/2018 00:00,392.4,419.4,388.52,393.92,167833.594
30/03/2018 00:00,383.87,412.04,366,392.43,292254.7944
29/03/2018 00:00,446.07,449.43,380,384,225341.9432
28/03/2018 00:00,448.5,466,440.14,446.67,89895.47885
27/03/2018 00:00,485,491.55,446,448.5,138188.7604
26/03/2018 00:00,523.95,527.67,465.56,485,151084.2369
25/03/2018 00:00,521.17,536,512,523.74,71903.1713
24/03/2018 00:00,543.2,545.99,518.63,520.22,87710.78945
23/03/2018 00:00,539.78,544.72,506.71,543.03,106416.0675
22/03/2018 00:00,559.15,578.6,516,539.92,111106.1992
21/03/2018 00:00,557,590.52,545.11,559.17,117019.1732
20/03/2018 00:00,556.88,567.87,515,557,135426.9155
19/03/2018 00:00,537.39,560,515.8,556.88,184798.7706
18/03/2018 00:00,547.98,560,450,537,248817.226
17/03/2018 00:00,599.03,609.26,544,546.95,68022.4592
16/03/2018 00:00,608.83,625.3,584.15,599.05,64720.20994
15/03/2018 00:00,610.1,621.12,570,608.83,94426.72453
14/03/2018 00:00,690.16,703.54,585,610.1,89904.25415
13/03/2018 00:00,696.52,713.76,680,689.94,55735.18315
12/03/2018 00:00,721,740.5,676.31,697.11,67732.85988
11/03/2018 00:00,680.58,735,659.15,720.85,73967.35869
10/03/2018 00:00,723.65,745,673.06,680.58,63012.67972
09/03/2018 00:00,695.48,727.92,640,723.71,116545.373
08/03/2018 00:00,749.02,772.07,684,695.46,76312.77819
07/03/2018 00:00,813.31,826.2,718.4,749.9,109013.2838
06/03/2018 00:00,849.81,853.18,803.01,813.11,48658.06883
05/03/2018 00:00,866.61,871.75,847.2,849.84,30567.79813
04/03/2018 00:00,856.51,868,836.24,866.66,29735.01829
03/03/2018 00:00,856.27,870.78,852.3,856.02,34170.2942
02/03/2018 00:00,870.63,876.22,850,856.28,39436.26006
01/03/2018 00:00,853.5,879.96,848.65,870.63,43785.00503
28/02/2018 00:00,871.84,891,850.3,853.5,53620.45209
27/02/2018 00:00,867.98,897.49,860.69,870.11,63487.68425
26/02/2018 00:00,841.46,882,833,867.98,74911.4656
25/02/2018 00:00,833.92,849.5,813.18,841.19,59431.26474
24/02/2018 00:00,851.59,875,805,833.94,89311.5794
23/02/2018 00:00,801.47,885,785.99,851.6,154507.4134
22/02/2018 00:00,836.35,871.96,786.6,801.49,137561.8511
21/02/2018 00:00,882.99,908.88,812.87,835.89,176200.5515
20/02/2018 00:00,939.17,961,873,882.99,120056.675
19/02/2018 00:00,911,956.22,906.04,938.11,80099.49534
18/02/2018 00:00,969.99,978.5,897,911,160129.7952
17/02/2018 00:00,938.6,974,933.48,969.99,110091.0362
16/02/2018 00:00,924.55,948.48,901.36,938.67,115540.1635
15/02/2018 00:00,919.09,946.66,895.59,924.55,155637.7852
14/02/2018 00:00,841.57,924.99,841.3,919.09,150342.8556
13/02/2018 00:00,866.39,871,820,841.57,110305.9354
12/02/2018 00:00,808.58,877.56,807.46,866.66,143586.9312
11/02/2018 00:00,851.15,857,768.28,808.99,189323.408
10/02/2018 00:00,876.3,911.2,800,851.15,214818.0677
09/02/2018 00:00,781.66,882.2,781.66,877,95447.67289
08/02/2018 00:00,753.19,786.93,751,781.66,10516.2619
07/02/2018 00:00,779.99,849,714.18,754,356403.4441
06/02/2018 00:00,697.93,798,570.1,779.25,648944.4204
05/02/2018 00:00,821.6,862.47,634.94,697.92,365516.529
04/02/2018 00:00,971,975,789,823.56,186446.0316
03/02/2018 00:00,923.67,998,851,971,160037.8813
02/02/2018 00:00,1041.89,1047.2,783.67,922.3,377375.2287
01/02/2018 00:00,1125.96,1164.99,981,1041.94,203355.2905
31/01/2018 00:00,1084.63,1135,1029,1124.81,100372.0378
30/01/2018 00:00,1177.01,1186.85,1051,1085.5,155278.554
29/01/2018 00:00,1251.96,1258.89,1161.65,1177.01,105292.7681
28/01/2018 00:00,1118.99,1277,1112,1251.96,143510.7359
27/01/2018 00:00,1051.03,1127.99,1032.2,1118.99,96894.33839
26/01/2018 00:00,1055.29,1082,986,1051.03,145113.638
25/01/2018 00:00,1060.34,1115,1030.26,1056.52,119415.935
24/01/2018 00:00,981.2,1074,953.09,1061,134257.7947
23/01/2018 00:00,993,1030,909,980,160159.6396
22/01/2018 00:00,1049,1090.15,908,993,185212.52
21/01/2018 00:00,1150.37,1152.69,998,1049,175031.0079
20/01/2018 00:00,1032.5,1165.4,1031,1152.75,123352.5836
19/01/2018 00:00,993.3,1079,941,1032.5,167954.1125
18/01/2018 00:00,1000,1075.2,924.21,994,294545.7121
17/01/2018 00:00,999.99,1075.51,755,1000,436333.6733
16/01/2018 00:00,1268.67,1275.01,780,1000,343889.3651
15/01/2018 00:00,1347.99,1383.13,1258.12,1271,69236.70476
14/01/2018 00:00,1388.1,1391.89,1220.89,1347,98391.19585
13/01/2018 00:00,1253.87,1427.01,1252,1388.02,75893.43201
12/01/2018 00:00,1136.45,1288.5,1069.01,1253.87,93763.47261
11/01/2018 00:00,1249.03,1332.49,1021,1138.93,194546.2939
10/01/2018 00:00,1291,1440,1201.1,1247,160185.0129
09/01/2018 00:00,1133.18,1326.5,1104.85,1291,118702.8868
08/01/2018 00:00,1123.09,1239.18,910,1133.18,158831.548
07/01/2018 00:00,1003.71,1125,999.9,1123.09,65278.81957
06/01/2018 00:00,958,1017.56,950,1004.11,71954.27895
05/01/2018 00:00,940,1045,930,959.3,97374.0163
04/01/2018 00:00,934.03,1009.72,890.01,940,102894.4738
03/01/2018 00:00,855.13,950.01,810,934.03,89041.45688
02/01/2018 00:00,754.99,899.5,749.06,855.28,113257.7836
01/01/2018 00:00,733.01,763.55,716.8,754.99,53909.25885
31/12/2017 00:00,680.01,740,672.86,733.98,62628.24458
30/12/2017 00:00,732.9,735,635.82,681.06,89879.99994
29/12/2017 00:00,709.5,757.87,703,733.99,64028.12647
28/12/2017 00:00,739.89,744.93,645.88,707.89,72679.61288
27/12/2017 00:00,750,766.05,693.18,739.89,51339.2782
26/12/2017 00:00,713.12,750,712.56,750,60052.47905
25/12/2017 00:00,659.4,744,599.99,714.95,78544.84102
24/12/2017 00:00,640.33,667.64,563.49,658,95431.94156
23/12/2017 00:00,635.15,714.99,627.97,640.34,79001.05634
22/12/2017 00:00,784,796,504.99,635.97,154630.4948
21/12/2017 00:00,794.62,845.99,705.98,782.41,78222.53998
20/12/2017 00:00,798,828,661,790.21,72526.28416
19/12/2017 00:00,784,864.9,729.01,798,69423.62125
18/12/2017 00:00,707.62,798.88,638,784,45673.70777
17/12/2017 00:00,682.81,728,680.33,707.64,31020.47
16/12/2017 00:00,674.95,712,669.22,682.81,26513.5
15/12/2017 00:00,679.76,689,594.6,674.95,38846.45
14/12/2017 00:00,683.99,747.6,630.5,679.76,57181.08
13/12/2017 00:00,620,705.69,539.93,683.99,56293.24
12/12/2017 00:00,508.7,639.27,494.89,620,57688.7
11/12/2017 00:00,427.35,512,427.35,508.7,29217.01
10/12/2017 00:00,460,460.05,403.2,427.35,34191.63
09/12/2017 00:00,442.56,488,426.4,460,41096.91
08/12/2017 00:00,406.33,456.78,390,442.56,40380.88
07/12/2017 00:00,411.01,427.61,375.01,406.33,40363.47
06/12/2017 00:00,452.26,455.1,400,411.01,37604.29
05/12/2017 00:00,466.67,468.67,445.21,452.26,25124.57
04/12/2017 00:00,460.3,470.98,445,466.67,22821.77
03/12/2017 00:00,457.63,485.9,440.11,460.3,24259.95
02/12/2017 00:00,457.51,471.91,445,457.63,25506.76
01/12/2017 00:00,427.43,465.97,413.74,457.51,32723.55
30/11/2017 00:00,421.7,460,387.01,427.43,44559.85
29/11/2017 00:00,466.17,515,385,421.7,50344.11
28/11/2017 00:00,472.31,477.5,453.5,466.17,23650.24
27/11/2017 00:00,462.84,486.94,453,472.31,23533.56
26/11/2017 00:00,461.82,465,436.14,462.84,21559.21
25/11/2017 00:00,469,484.47,450,461.82,21143.58
24/11/2017 00:00,405,475,392.8,469,29973.4
23/11/2017 00:00,380.65,425,370.02,405,25137.24
22/11/2017 00:00,362.12,384.84,359,380.65,17927.22
21/11/2017 00:00,367.42,375.5,350.02,362.12,25815.42
20/11/2017 00:00,354.15,372.5,353.9,367.42,18060.1
19/11/2017 00:00,346.66,373.56,343.07,354.15,19280.47
18/11/2017 00:00,331.23,349.9,326.01,346.66,14227.06
17/11/2017 00:00,331.49,334.6,323.84,331.23,18033.21
16/11/2017 00:00,331.33,334.75,321.41,331.49,14065.86
15/11/2017 00:00,335.61,339,324,331.33,15409.67
14/11/2017 00:00,312.99,337.54,312.94,335.61,17479.57
13/11/2017 00:00,305.24,318.88,303.7,312.99,15399.84
12/11/2017 00:00,310.02,316.99,281.01,305.24,20889.35
11/11/2017 00:00,293.5,318,291.91,310.02,10764.3
10/11/2017 00:00,317.87,322.65,285.82,293.5,15463.01
09/11/2017 00:00,303.02,329,299.5,317.87,11093.28
08/11/2017 00:00,291.78,320,290.02,303.02,15603.8
07/11/2017 00:00,297.97,303.52,287,291.78,9302.34
06/11/2017 00:00,295.53,305.58,290.11,297.97,7466.26
05/11/2017 00:00,298.04,302.14,293.13,295.53,6614.04
04/11/2017 00:00,304.08,304.99,292.11,298.04,7765.91
03/11/2017 00:00,283.12,307,282,304.08,8057.59
02/11/2017 00:00,287.01,293,274.73,283.12,13163.53
01/11/2017 00:00,304.9,305.9,286.34,287.01,9807.45
31/10/2017 00:00,307.25,309.99,304.01,304.9,7631.45
30/10/2017 00:00,305,316,302.1,307.25,8863.26
29/10/2017 00:00,291.87,309.4,291.86,305,8975.34
28/10/2017 00:00,296.33,297,290.1,291.87,5833.59
27/10/2017 00:00,294.71,298.1,292.03,296.33,6230.29
26/10/2017 00:00,294.49,299.76,291.03,294.71,7760.28
25/10/2017 00:00,297.38,300,281,294.49,9624.76
24/10/2017 00:00,281.09,310,275.5,297.38,13991.58
23/10/2017 00:00,293.79,294.6,272.2,281.09,9580.48
22/10/2017 00:00,298.94,306.99,290,293.79,7149.29
21/10/2017 00:00,304.51,305.34,290,298.94,8498.8
20/10/2017 00:00,308.66,311.18,302,304.51,8696.57
19/10/2017 00:00,309.7,315,300,308.66,8637.51
18/10/2017 00:00,315.19,318,284.68,309.7,12779.33
17/10/2017 00:00,335.19,336.58,312.65,315.19,8092.4
16/10/2017 00:00,337.96,354,332.78,335.19,8634.15
15/10/2017 00:00,342,348,316.17,337.96,9964.35
14/10/2017 00:00,337.96,349.8,335,342,7698
13/10/2017 00:00,303.99,353.96,297,337.96,17766.25
12/10/2017 00:00,304.01,310,302.71,303.99,7775.58
11/10/2017 00:00,298.64,305.5,298.02,304.01,3715.65
10/10/2017 00:00,297.19,308.56,293,298.64,6691.84
09/10/2017 00:00,311.07,312.13,286.65,297.19,4852.92
08/10/2017 00:00,311.01,317.07,309,311.07,2952.08
07/10/2017 00:00,310.8,318.5,303.6,311.01,2120.52
06/10/2017 00:00,294.81,310.8,293.78,310.8,3510.89
05/10/2017 00:00,291.99,297.44,285.53,294.81,3370.96
04/10/2017 00:00,292.48,297.97,288,291.99,3989.57
03/10/2017 00:00,296.5,301.99,283.18,292.48,5518.95
02/10/2017 00:00,303.95,305,295,296.5,3670.04
01/10/2017 00:00,304.36,306,294,303.95,5034.38
30/09/2017 00:00,292.22,307.49,292.22,304.36,3997.83
29/09/2017 00:00,302.44,303,274,292.22,10997.93
28/09/2017 00:00,309.74,311.81,296.89,302.44,6521.08
27/09/2017 00:00,287.9,313,286.13,309.74,5467.39
26/09/2017 00:00,294.42,296.81,286.24,287.9,4527.17
25/09/2017 00:00,282,299,281.34,294.42,5861.15
24/09/2017 00:00,285.93,294.61,275,282,5544.62
23/09/2017 00:00,264,286.23,255.11,285.93,2821.68
22/09/2017 00:00,257,272.97,253.01,264,1463.53
21/09/2017 00:00,282,287,252.1,257,1909.37
20/09/2017 00:00,284,294,275.91,282,1054.54
19/09/2017 00:00,294.57,300,277.41,284,1858.5
18/09/2017 00:00,257.55,306.22,257.11,294.57,4121.19
17/09/2017 00:00,249.31,264.39,239.02,257.55,4589.96
16/09/2017 00:00,253,271.81,235.51,249.31,10265.41
15/09/2017 00:00,215.21,270.93,192,253,14101.49
14/09/2017 00:00,276.91,283.77,215,215.21,12488.22
13/09/2017 00:00,293.96,294.5,257.05,276.91,6341.5
12/09/2017 00:00,297.3,316.46,286.01,293.96,5140.78
11/09/2017 00:00,293.5,304.98,285.21,297.3,4779.63
10/09/2017 00:00,296.74,302.78,261.03,293.5,4060.25
09/09/2017 00:00,302.99,307,281.66,296.74,2713.25
08/09/2017 00:00,334.49,335.1,272,302.99,4874.53
07/09/2017 00:00,335,342.5,320.17,334.49,2977.82
06/09/2017 00:00,312.09,336.34,312.09,335,5243.66
05/09/2017 00:00,283.77,321.52,235.55,312.09,7840.86
04/09/2017 00:00,341.77,344.55,267.94,283.77,6366.69
03/09/2017 00:00,343.14,367.28,320.08,341.77,5012.55
02/09/2017 00:00,388.46,394.32,320.08,343.14,7919.71
01/09/2017 00:00,384.79,394.39,383.18,388.46,4156.84
31/08/2017 00:00,385.93,389.36,377.78,384.79,4375.31
30/08/2017 00:00,374.7,393.71,362.05,385.93,4331.81
29/08/2017 00:00,346,377.6,346,374.7,2900.75
28/08/2017 00:00,348.13,351,331.95,346,4230.19
27/08/2017 00:00,330.79,348.13,330.73,348.13,4580.62
26/08/2017 00:00,327.24,335.44,323.41,330.79,4821.82
25/08/2017 00:00,323.42,338.28,323.42,327.24,7026.71
24/08/2017 00:00,315.74,328.04,314.01,323.42,6608.08
23/08/2017 00:00,309.8,324.99,309.41,315.74,8532.37
22/08/2017 00:00,323.29,330.41,144.21,309.8,7807.91
21/08/2017 00:00,299.1,346.52,294.6,323.29,5134.54
20/08/2017 00:00,290.91,300.53,282.85,299.1,2469.49
19/08/2017 00:00,293.96,299.9,278,290.91,2140.08
18/08/2017 00:00,302,311.79,283.94,293.96,9392.79
17/08/2017 00:00,303.61,312.18,298.21,302,6155.32
